date,filename_pattern,availability_share
2024-01-01,20240101-*-*-contrail.nc,1.0
2024-01-02,20240102-*-*-contrail.nc,1.0
2024-01-03,20240103-*-*-contrail.nc,1.0
2024-01-04,20240104-*-*-contrail.nc,1.0
2024-01-05,20240105-*-*-contrail.nc,1.0
2024-01-06,20240106-*-*-contrail.nc,1.0
2024-01-07,20240107-*-*-contrail.nc,1.0
2024-01-08,20240108-*-*-contrail.nc,1.0
2024-01-09,20240109-*-*-contrail.nc,1.0
2024-01-10,20240110-*-*-contrail.nc,1.0
2024-01-11,20240111-*-*-contrail.nc,1.0
2024-01-12,20240112-*-*-contrail.nc,1.0
2024-01-13,20240113-*-*-contrail.nc,1.0
2024-01-14,20240114-*-*-contrail.nc,1.0
2024-01-15,20240115-*-*-contrail.nc,1.0
2024-01-16,20240116-*-*-contrail.nc,1.0
2024-01-17,20240117-*-*-contrail.nc,1.0
2024-01-18,20240118-*-*-contrail.nc,1.0
2024-01-19,20240119-*-*-contrail.nc,1.0
2024-01-20,20240120-*-*-contrail.nc,1.0
2024-01-21,20240121-*-*-contrail.nc,1.0
2024-01-22,20240122-*-*-contrail.nc,1.0
2024-01-23,20240123-*-*-contrail.nc,1.0
2024-01-24,20240124-*-*-contrail.nc,1.0
2024-01-25,20240125-*-*-contrail.nc,1.0
2024-01-26,20240126-*-*-contrail.nc,1.0
2024-01-27,20240127-*-*-contrail.nc,1.0
2024-01-28,20240128-*-*-contrail.nc,1.0
2024-01-29,20240129-*-*-contrail.nc,1.0
2024-01-30,20240130-*-*-contrail.nc,1.0
2024-01-31,20240131-*-*-contrail.nc,1.0
2024-02-01,20240201-*-*-contrail.nc,1.0
2024-02-02,20240202-*-*-contrail.nc,1.0
2024-02-03,20240203-*-*-contrail.nc,1.0
2024-02-04,20240204-*-*-contrail.nc,1.0
2024-02-05,20240205-*-*-contrail.nc,1.0
2024-02-06,20240206-*-*-contrail.nc,0.833
2024-02-07,20240207-*-*-contrail.nc,0.917
2024-02-08,20240208-*-*-contrail.nc,1.0
2024-02-09,20240209-*-*-contrail.nc,1.0
2024-02-10,20240210-*-*-contrail.nc,1.0
2024-02-11,20240211-*-*-contrail.nc,1.0
2024-02-12,20240212-*-*-contrail.nc,1.0
2024-02-13,20240213-*-*-contrail.nc,1.0
2024-02-14,20240214-*-*-contrail.nc,1.0
2024-02-15,20240215-*-*-contrail.nc,1.0
2024-02-16,20240216-*-*-contrail.nc,1.0
2024-02-17,20240217-*-*-contrail.nc,1.0
2024-02-18,20240218-*-*-contrail.nc,1.0
2024-02-19,20240219-*-*-contrail.nc,1.0
2024-02-20,20240220-*-*-contrail.nc,1.0
2024-02-21,20240221-*-*-contrail.nc,1.0
2024-02-22,20240222-*-*-contrail.nc,1.0
2024-02-23,20240223-*-*-contrail.nc,1.0
2024-02-24,20240224-*-*-contrail.nc,1.0
2024-02-25,20240225-*-*-contrail.nc,1.0
2024-02-26,20240226-*-*-contrail.nc,1.0
2024-02-27,20240227-*-*-contrail.nc,1.0
2024-02-28,20240228-*-*-contrail.nc,1.0
2024-02-29,20240229-*-*-contrail.nc,1.0
2024-03-01,20240301-*-*-contrail.nc,1.0
2024-03-02,20240302-*-*-contrail.nc,1.0
2024-03-03,20240303-*-*-contrail.nc,1.0
2024-03-04,20240304-*-*-contrail.nc,1.0
2024-03-05,20240305-*-*-contrail.nc,1.0
2024-03-06,20240306-*-*-contrail.nc,1.0
2024-03-07,20240307-*-*-contrail.nc,1.0
2024-03-08,20240308-*-*-contrail.nc,1.0
2024-03-09,20240309-*-*-contrail.nc,1.0
2024-03-10,20240310-*-*-contrail.nc,1.0
2024-03-11,20240311-*-*-contrail.nc,1.0
2024-03-12,20240312-*-*-contrail.nc,1.0
2024-03-13,20240313-*-*-contrail.nc,1.0
2024-03-14,20240314-*-*-contrail.nc,1.0
2024-03-15,20240315-*-*-contrail.nc,1.0
2024-03-16,20240316-*-*-contrail.nc,1.0
2024-03-17,20240317-*-*-contrail.nc,1.0
2024-03-18,20240318-*-*-contrail.nc,1.0
2024-03-19,20240319-*-*-contrail.nc,1.0
2024-03-20,20240320-*-*-contrail.nc,1.0
2024-03-21,20240321-*-*-contrail.nc,1.0
2024-03-22,20240322-*-*-contrail.nc,1.0
2024-03-23,20240323-*-*-contrail.nc,1.0
2024-03-24,20240324-*-*-contrail.nc,1.0
2024-03-25,20240325-*-*-contrail.nc,1.0
2024-03-26,20240326-*-*-contrail.nc,1.0
2024-03-27,20240327-*-*-contrail.nc,1.0
2024-03-28,20240328-*-*-contrail.nc,1.0
2024-03-29,20240329-*-*-contrail.nc,1.0
2024-03-30,20240330-*-*-contrail.nc,1.0
2024-03-31,20240331-*-*-contrail.nc,1.0
2024-04-01,20240401-*-*-contrail.nc,1.0
2024-04-02,20240402-*-*-contrail.nc,1.0
2024-04-03,20240403-*-*-contrail.nc,1.0
2024-04-04,20240404-*-*-contrail.nc,1.0
2024-04-05,20240405-*-*-contrail.nc,1.0
2024-04-06,20240406-*-*-contrail.nc,1.0
2024-04-07,20240407-*-*-contrail.nc,1.0
2024-04-08,20240408-*-*-contrail.nc,1.0
2024-04-09,20240409-*-*-contrail.nc,1.0
2024-04-10,20240410-*-*-contrail.nc,1.0
2024-04-11,20240411-*-*-contrail.nc,1.0
2024-04-12,20240412-*-*-contrail.nc,1.0
2024-04-13,20240413-*-*-contrail.nc,0.583
2024-04-14,20240414-*-*-contrail.nc,0.333
2024-04-15,20240415-*-*-contrail.nc,1.0
2024-04-16,20240416-*-*-contrail.nc,1.0
2024-04-17,20240417-*-*-contrail.nc,1.0
2024-04-18,20240418-*-*-contrail.nc,1.0
2024-04-19,20240419-*-*-contrail.nc,1.0
2024-04-20,20240420-*-*-contrail.nc,1.0
2024-04-21,20240421-*-*-contrail.nc,1.0
2024-04-22,20240422-*-*-contrail.nc,1.0
2024-04-23,20240423-*-*-contrail.nc,1.0
2024-04-24,20240424-*-*-contrail.nc,1.0
2024-04-25,20240425-*-*-contrail.nc,1.0
2024-04-26,20240426-*-*-contrail.nc,1.0
2024-04-27,20240427-*-*-contrail.nc,1.0
2024-04-28,20240428-*-*-contrail.nc,1.0
2024-04-29,20240429-*-*-contrail.nc,1.0
2024-04-30,20240430-*-*-contrail.nc,1.0
2024-05-01,20240501-*-*-contrail.nc,1.0
2024-05-02,20240502-*-*-contrail.nc,1.0
2024-05-03,20240503-*-*-contrail.nc,1.0
2024-05-04,20240504-*-*-contrail.nc,1.0
2024-05-05,20240505-*-*-contrail.nc,1.0
2024-05-06,20240506-*-*-contrail.nc,1.0
2024-05-07,20240507-*-*-contrail.nc,1.0
2024-05-08,20240508-*-*-contrail.nc,1.0
2024-05-09,20240509-*-*-contrail.nc,1.0
2024-05-10,20240510-*-*-contrail.nc,1.0
2024-05-11,20240511-*-*-contrail.nc,1.0
2024-05-12,20240512-*-*-contrail.nc,1.0
2024-05-13,20240513-*-*-contrail.nc,1.0
2024-05-14,20240514-*-*-contrail.nc,1.0
2024-05-15,20240515-*-*-contrail.nc,1.0
2024-05-16,20240516-*-*-contrail.nc,1.0
2024-05-17,20240517-*-*-contrail.nc,1.0
2024-05-18,20240518-*-*-contrail.nc,1.0
2024-05-19,20240519-*-*-contrail.nc,1.0
2024-05-20,20240520-*-*-contrail.nc,1.0
2024-05-21,20240521-*-*-contrail.nc,1.0
2024-05-22,20240522-*-*-contrail.nc,1.0
2024-05-23,20240523-*-*-contrail.nc,1.0
2024-05-24,20240524-*-*-contrail.nc,1.0
2024-05-25,20240525-*-*-contrail.nc,1.0
2024-05-26,20240526-*-*-contrail.nc,1.0
2024-05-27,20240527-*-*-contrail.nc,1.0
2024-05-28,20240528-*-*-contrail.nc,1.0
2024-05-29,20240529-*-*-contrail.nc,1.0
2024-05-30,20240530-*-*-contrail.nc,1.0
2024-05-31,20240531-*-*-contrail.nc,1.0
2024-06-01,20240601-*-*-contrail.nc,1.0
2024-06-02,20240602-*-*-contrail.nc,1.0
2024-06-03,20240603-*-*-contrail.nc,1.0
2024-06-04,20240604-*-*-contrail.nc,1.0
2024-06-05,20240605-*-*-contrail.nc,1.0
2024-06-06,20240606-*-*-contrail.nc,1.0
2024-06-07,20240607-*-*-contrail.nc,1.0
2024-06-08,20240608-*-*-contrail.nc,1.0
2024-06-09,20240609-*-*-contrail.nc,1.0
2024-06-10,20240610-*-*-contrail.nc,1.0
2024-06-11,20240611-*-*-contrail.nc,1.0
2024-06-12,20240612-*-*-contrail.nc,1.0
2024-06-13,20240613-*-*-contrail.nc,1.0
2024-06-14,20240614-*-*-contrail.nc,1.0
2024-06-15,20240615-*-*-contrail.nc,1.0
2024-06-16,20240616-*-*-contrail.nc,1.0
2024-06-17,20240617-*-*-contrail.nc,1.0
2024-06-18,20240618-*-*-contrail.nc,1.0
2024-06-19,20240619-*-*-contrail.nc,1.0
2024-06-20,20240620-*-*-contrail.nc,1.0
2024-06-21,20240621-*-*-contrail.nc,1.0
2024-06-22,20240622-*-*-contrail.nc,1.0
2024-06-23,20240623-*-*-contrail.nc,1.0
2024-06-24,20240624-*-*-contrail.nc,1.0
2024-06-25,20240625-*-*-contrail.nc,1.0
2024-06-26,20240626-*-*-contrail.nc,1.0
2024-06-27,20240627-*-*-contrail.nc,1.0
2024-06-28,20240628-*-*-contrail.nc,1.0
2024-06-29,20240629-*-*-contrail.nc,1.0
2024-06-30,20240630-*-*-contrail.nc,1.0
2024-07-01,20240701-*-*-contrail.nc,1.0
2024-07-02,20240702-*-*-contrail.nc,1.0
2024-07-03,20240703-*-*-contrail.nc,1.0
2024-07-04,20240704-*-*-contrail.nc,1.0
2024-07-05,20240705-*-*-contrail.nc,1.0
2024-07-06,20240706-*-*-contrail.nc,1.0
2024-07-07,20240707-*-*-contrail.nc,1.0
2024-07-08,20240708-*-*-contrail.nc,1.0
2024-07-09,20240709-*-*-contrail.nc,1.0
2024-07-10,20240710-*-*-contrail.nc,1.0
2024-07-11,20240711-*-*-contrail.nc,1.0
2024-07-12,20240712-*-*-contrail.nc,1.0
2024-07-13,20240713-*-*-contrail.nc,1.0
2024-07-14,20240714-*-*-contrail.nc,1.0
2024-07-15,20240715-*-*-contrail.nc,1.0
2024-07-16,20240716-*-*-contrail.nc,1.0
2024-07-17,20240717-*-*-contrail.nc,1.0
2024-07-18,20240718-*-*-contrail.nc,1.0
2024-07-19,20240719-*-*-contrail.nc,1.0
2024-07-20,20240720-*-*-contrail.nc,1.0
2024-07-21,20240721-*-*-contrail.nc,1.0
2024-07-22,20240722-*-*-contrail.nc,1.0
2024-07-23,20240723-*-*-contrail.nc,1.0
2024-07-24,20240724-*-*-contrail.nc,1.0
2024-07-25,20240725-*-*-contrail.nc,1.0
2024-07-26,20240726-*-*-contrail.nc,1.0
2024-07-27,20240727-*-*-contrail.nc,1.0
2024-07-28,20240728-*-*-contrail.nc,1.0
2024-07-29,20240729-*-*-contrail.nc,1.0
2024-07-30,20240730-*-*-contrail.nc,1.0
2024-07-31,20240731-*-*-contrail.nc,1.0
2024-08-01,20240801-*-*-contrail.nc,1.0
2024-08-02,20240802-*-*-contrail.nc,1.0
2024-08-03,20240803-*-*-contrail.nc,1.0
2024-08-04,20240804-*-*-contrail.nc,1.0
2024-08-05,20240805-*-*-contrail.nc,1.0
2024-08-06,20240806-*-*-contrail.nc,1.0
2024-08-07,20240807-*-*-contrail.nc,1.0
2024-08-08,20240808-*-*-contrail.nc,1.0
2024-08-09,20240809-*-*-contrail.nc,1.0
2024-08-10,20240810-*-*-contrail.nc,1.0
2024-08-11,20240811-*-*-contrail.nc,1.0
2024-08-12,20240812-*-*-contrail.nc,1.0
2024-08-13,20240813-*-*-contrail.nc,1.0
2024-08-14,20240814-*-*-contrail.nc,1.0
2024-08-15,20240815-*-*-contrail.nc,1.0
2024-08-16,20240816-*-*-contrail.nc,1.0
2024-08-17,20240817-*-*-contrail.nc,1.0
2024-08-18,20240818-*-*-contrail.nc,1.0
2024-08-19,20240819-*-*-contrail.nc,1.0
2024-08-20,20240820-*-*-contrail.nc,1.0
2024-08-21,20240821-*-*-contrail.nc,1.0
2024-08-22,20240822-*-*-contrail.nc,1.0
2024-08-23,20240823-*-*-contrail.nc,1.0
2024-08-24,20240824-*-*-contrail.nc,1.0
2024-08-25,20240825-*-*-contrail.nc,1.0
2024-08-26,20240826-*-*-contrail.nc,1.0
2024-08-27,20240827-*-*-contrail.nc,1.0
2024-08-28,20240828-*-*-contrail.nc,1.0
2024-08-29,20240829-*-*-contrail.nc,1.0
2024-08-30,20240830-*-*-contrail.nc,1.0
2024-08-31,20240831-*-*-contrail.nc,1.0
2024-09-01,20240901-*-*-contrail.nc,1.0
2024-09-02,20240902-*-*-contrail.nc,1.0
2024-09-03,20240903-*-*-contrail.nc,1.0
2024-09-04,20240904-*-*-contrail.nc,1.0
2024-09-05,20240905-*-*-contrail.nc,1.0
2024-09-06,20240906-*-*-contrail.nc,1.0
2024-09-07,20240907-*-*-contrail.nc,1.0
2024-09-08,20240908-*-*-contrail.nc,1.0
2024-09-09,20240909-*-*-contrail.nc,1.0
2024-09-10,20240910-*-*-contrail.nc,1.0
2024-09-11,20240911-*-*-contrail.nc,1.0
2024-09-12,20240912-*-*-contrail.nc,1.0
2024-09-13,20240913-*-*-contrail.nc,1.0
2024-09-14,20240914-*-*-contrail.nc,1.0
2024-09-15,20240915-*-*-contrail.nc,1.0
2024-09-16,20240916-*-*-contrail.nc,1.0
2024-09-17,20240917-*-*-contrail.nc,1.0
2024-09-18,20240918-*-*-contrail.nc,1.0
2024-09-19,20240919-*-*-contrail.nc,1.0
2024-09-20,20240920-*-*-contrail.nc,1.0
2024-09-21,20240921-*-*-contrail.nc,1.0
2024-09-22,20240922-*-*-contrail.nc,1.0
2024-09-23,20240923-*-*-contrail.nc,1.0
2024-09-24,20240924-*-*-contrail.nc,1.0
2024-09-25,20240925-*-*-contrail.nc,1.0
2024-09-26,20240926-*-*-contrail.nc,1.0
2024-09-27,20240927-*-*-contrail.nc,1.0
2024-09-28,20240928-*-*-contrail.nc,1.0
2024-09-29,20240929-*-*-contrail.nc,1.0
2024-09-30,20240930-*-*-contrail.nc,1.0
2024-10-01,20241001-*-*-contrail.nc,1.0
2024-10-02,20241002-*-*-contrail.nc,1.0
2024-10-03,20241003-*-*-contrail.nc,1.0
2024-10-04,20241004-*-*-contrail.nc,1.0
2024-10-05,20241005-*-*-contrail.nc,1.0
2024-10-06,20241006-*-*-contrail.nc,1.0
2024-10-07,20241007-*-*-contrail.nc,1.0
2024-10-08,20241008-*-*-contrail.nc,1.0
2024-10-09,20241009-*-*-contrail.nc,1.0
2024-10-10,20241010-*-*-contrail.nc,1.0
2024-10-11,20241011-*-*-contrail.nc,1.0
2024-10-12,20241012-*-*-contrail.nc,1.0
2024-10-13,20241013-*-*-contrail.nc,1.0
2024-10-14,20241014-*-*-contrail.nc,1.0
2024-10-15,20241015-*-*-contrail.nc,1.0
2024-10-16,20241016-*-*-contrail.nc,1.0
2024-10-17,20241017-*-*-contrail.nc,1.0
2024-10-18,20241018-*-*-contrail.nc,1.0
2024-10-19,20241019-*-*-contrail.nc,1.0
2024-10-20,20241020-*-*-contrail.nc,1.0
2024-10-21,20241021-*-*-contrail.nc,1.0
2024-10-22,20241022-*-*-contrail.nc,1.0
2024-10-23,20241023-*-*-contrail.nc,1.0
2024-10-24,20241024-*-*-contrail.nc,1.0
2024-10-25,20241025-*-*-contrail.nc,1.0
2024-10-26,20241026-*-*-contrail.nc,1.0
2024-10-27,20241027-*-*-contrail.nc,1.0
2024-10-28,20241028-*-*-contrail.nc,1.0
2024-10-29,20241029-*-*-contrail.nc,1.0
2024-10-30,20241030-*-*-contrail.nc,1.0
2024-10-31,20241031-*-*-contrail.nc,1.0
2024-11-01,20241101-*-*-contrail.nc,1.0
2024-11-02,20241102-*-*-contrail.nc,1.0
2024-11-03,20241103-*-*-contrail.nc,1.0
2024-11-04,20241104-*-*-contrail.nc,1.0
2024-11-05,20241105-*-*-contrail.nc,1.0
2024-11-06,20241106-*-*-contrail.nc,1.0
2024-11-07,20241107-*-*-contrail.nc,1.0
2024-11-08,20241108-*-*-contrail.nc,1.0
2024-11-09,20241109-*-*-contrail.nc,1.0
2024-11-10,20241110-*-*-contrail.nc,1.0
2024-11-11,20241111-*-*-contrail.nc,1.0
2024-11-12,20241112-*-*-contrail.nc,1.0
2024-11-13,20241113-*-*-contrail.nc,1.0
2024-11-14,20241114-*-*-contrail.nc,1.0
2024-11-15,20241115-*-*-contrail.nc,1.0
2024-11-16,20241116-*-*-contrail.nc,1.0
2024-11-17,20241117-*-*-contrail.nc,1.0
2024-11-18,20241118-*-*-contrail.nc,1.0
2024-11-19,20241119-*-*-contrail.nc,1.0
2024-11-20,20241120-*-*-contrail.nc,1.0
2024-11-21,20241121-*-*-contrail.nc,1.0
2024-11-22,20241122-*-*-contrail.nc,1.0
2024-11-23,20241123-*-*-contrail.nc,1.0
2024-11-24,20241124-*-*-contrail.nc,1.0
2024-11-25,20241125-*-*-contrail.nc,1.0
2024-11-26,20241126-*-*-contrail.nc,1.0
2024-11-27,20241127-*-*-contrail.nc,1.0
2024-11-28,20241128-*-*-contrail.nc,1.0
2024-11-29,20241129-*-*-contrail.nc,1.0
2024-11-30,20241130-*-*-contrail.nc,1.0
2024-12-01,20241201-*-*-contrail.nc,1.0
2024-12-02,20241202-*-*-contrail.nc,1.0
2024-12-03,20241203-*-*-contrail.nc,1.0
2024-12-04,20241204-*-*-contrail.nc,1.0
2024-12-05,20241205-*-*-contrail.nc,1.0
2024-12-06,20241206-*-*-contrail.nc,1.0
2024-12-07,20241207-*-*-contrail.nc,1.0
2024-12-08,20241208-*-*-contrail.nc,1.0
2024-12-09,20241209-*-*-contrail.nc,1.0
2024-12-10,20241210-*-*-contrail.nc,1.0
2024-12-11,20241211-*-*-contrail.nc,1.0
2024-12-12,20241212-*-*-contrail.nc,1.0
2024-12-13,20241213-*-*-contrail.nc,1.0
2024-12-14,20241214-*-*-contrail.nc,1.0
2024-12-15,20241215-*-*-contrail.nc,1.0
2024-12-16,20241216-*-*-contrail.nc,1.0
2024-12-17,20241217-*-*-contrail.nc,1.0
2024-12-18,20241218-*-*-contrail.nc,1.0
2024-12-19,20241219-*-*-contrail.nc,1.0
2024-12-20,20241220-*-*-contrail.nc,1.0
2024-12-21,20241221-*-*-contrail.nc,1.0
2024-12-22,20241222-*-*-contrail.nc,1.0
2024-12-23,20241223-*-*-contrail.nc,1.0
2024-12-24,20241224-*-*-contrail.nc,1.0
2024-12-25,20241225-*-*-contrail.nc,1.0
2024-12-26,20241226-*-*-contrail.nc,1.0
2024-12-27,20241227-*-*-contrail.nc,1.0
2024-12-28,20241228-*-*-contrail.nc,1.0
2024-12-29,20241229-*-*-contrail.nc,1.0
2024-12-30,20241230-*-*-contrail.nc,1.0
2024-12-31,20241231-*-*-contrail.nc,0.458
