Region,Subset,Share below 50% capacity (%),Share below avg capacity (%)
Amsterdam FIR,All hours,69.56655362588097,71.75058999537187
Amsterdam FIR,Night (20h–04h),14.695523073176012,28.077665256919175
Amsterdam FIR,Winter & Night,9.640674021357201,19.6492743335091
Amsterdam FIR,Winter (Oct–Mar),56.12364455316623,60.911927460523486
Ankara FIR,All hours,54.81268635433828,49.545291401564796
Ankara FIR,Night (20h–04h),14.230625372274538,17.217376338723774
Ankara FIR,Winter & Night,11.169199733899486,17.746561513689457
Ankara FIR,Winter (Oct–Mar),45.688249088754404,50.76966857491469
Athinai FIR,All hours,21.40310543725689,51.731282375307536
Athinai FIR,Night (20h–04h),2.474487701509272,15.455437628851739
Athinai FIR,Winter & Night,1.5600110846707587,10.05441421349506
Athinai FIR,Winter (Oct–Mar),5.9782188051603296,52.552247298024156
Barcelona FIR,All hours,39.0241407335011,57.38218612716763
Barcelona FIR,Night (20h–04h),25.469522474768944,62.50663879471622
Barcelona FIR,Winter & Night,8.245971210796942,29.65840909385603
Barcelona FIR,Winter (Oct–Mar),16.394268410697567,43.63017195791996
Beograd FIR,All hours,19.4795372399225,55.805982182826895
Beograd FIR,Night (20h–04h),1.3878872075451045,19.668153315742142
Beograd FIR,Winter & Night,0.8196638353252721,11.401147041824679
Beograd FIR,Winter (Oct–Mar),2.959674485923135,46.69965014403576
Bodo Oceanic FIR,All hours,3.4214854563787886,66.31065061022188
Bodo Oceanic FIR,Night (20h–04h),0.0,20.754322704423686
Bodo Oceanic FIR,Winter & Night,0.0,13.765061480859595
Bodo Oceanic FIR,Winter (Oct–Mar),5.5580359130850905,55.45085759605819
Bordeaux FIR,All hours,43.34548285980156,70.618472535239
Bordeaux FIR,Night (20h–04h),18.6193170189884,37.834646901353096
Bordeaux FIR,Winter & Night,3.3999882182099355,17.248054245116787
Bordeaux FIR,Winter (Oct–Mar),14.40866862239903,48.18675627048953
Bratislava  FIR,All hours,33.719236452722846,56.34255146758684
Bratislava  FIR,Night (20h–04h),2.6692575783543955,28.546809927870783
Bratislava  FIR,Winter & Night,0.9386702666710522,15.328609996438178
Bratislava  FIR,Winter (Oct–Mar),13.886886566719784,31.35788390150575
Bremen FIR,All hours,71.18824204910823,77.49482800691618
Bremen FIR,Night (20h–04h),17.142207437659184,28.44438945543153
Bremen FIR,Winter & Night,12.575040630437842,21.02048738987528
Bremen FIR,Winter (Oct–Mar),57.78138015817289,64.22978725180307
Brest FIR,All hours,18.761545711276042,64.52276110412073
Brest FIR,Night (20h–04h),4.823109113744744,39.88041497816495
Brest FIR,Winter & Night,2.7654432430489573,19.80674265892522
Brest FIR,Winter (Oct–Mar),14.263916966479092,51.936842214801935
Brindisi FIR,All hours,6.024391084449415,41.42885648689205
Brindisi FIR,Night (20h–04h),3.210725391284736,28.40670942487444
Brindisi FIR,Winter & Night,0.2183289586645838,18.99775695975017
Brindisi FIR,Winter (Oct–Mar),0.6909418926255966,49.92320828484395
Brussels FIR,All hours,61.07633256856883,67.40913677456227
Brussels FIR,Night (20h–04h),15.396683574737121,32.501867965052156
Brussels FIR,Winter & Night,7.1575387970773665,17.402547323325468
Brussels FIR,Winter (Oct–Mar),43.956168316010555,54.11365896733116
Bucarest FIR,All hours,39.664174360170236,53.84169863600561
Bucarest FIR,Night (20h–04h),1.040160964479008,16.794683338990158
Bucarest FIR,Winter & Night,0.9864885453498996,12.065505720426588
Bucarest FIR,Winter (Oct–Mar),29.094575311419916,41.17865320602216
Budapest FIR,All hours,36.436171560828335,57.928365280327206
Budapest FIR,Night (20h–04h),1.6719981479160784,28.014491665858905
Budapest FIR,Winter & Night,0.6667665930945312,16.02196990549143
Budapest FIR,Winter (Oct–Mar),17.477128911625172,33.71907871130965
Canarias FIR,All hours,12.43707856074207,45.78543404156396
Canarias FIR,Night (20h–04h),5.86393905393491,42.784822805697544
Canarias FIR,Winter & Night,5.642113116752125,27.25210014413737
Canarias FIR,Winter (Oct–Mar),8.835228297455059,27.055188759613916
Chisinau FIR,All hours,5.201486762411939,61.61515415957316
Chisinau FIR,Night (20h–04h),0.0806916971381848,13.793508709083236
Chisinau FIR,Winter & Night,0.0,11.873350667246367
Chisinau FIR,Winter (Oct–Mar),5.338179774151004,48.91898893624578
Copenhagen FIR,All hours,63.3701258616827,78.50148603993114
Copenhagen FIR,Night (20h–04h),15.354388988417213,29.56300085395094
Copenhagen FIR,Winter & Night,10.586079325778549,20.645207627688084
Copenhagen FIR,Winter (Oct–Mar),56.01667370802628,71.3333848765802
Dnipro FIR,All hours,2.9187028744543784,58.319906102825804
Dnipro FIR,Night (20h–04h),0.3867130872020512,18.755500893957656
Dnipro FIR,Winter & Night,0.3764,11.826751142034192
Dnipro FIR,Winter (Oct–Mar),1.418989211956375,42.06612286707948
Helsinki FIR,All hours,27.518815089514067,65.8451243560743
Helsinki FIR,Night (20h–04h),1.2671263341321994,19.709272609424684
Helsinki FIR,Winter & Night,1.3563153466465847,13.810123894797323
Helsinki FIR,Winter (Oct–Mar),27.810420591551285,61.38782637983649
Istanbul FIR,All hours,47.72114398147551,43.87309655697165
Istanbul FIR,Night (20h–04h),10.126996551066512,20.267673045744065
Istanbul FIR,Winter & Night,2.7887373576175287,16.925703734465582
Istanbul FIR,Winter (Oct–Mar),32.40284277213595,47.803357762700564
Kiev FIR,All hours,13.729341316221838,56.42364836153352
Kiev FIR,Night (20h–04h),1.3384834003537038,15.379865762522021
Kiev FIR,Winter & Night,1.1322347414889014,10.747932207103618
Kiev FIR,Winter (Oct–Mar),7.705372694946401,47.001660986823566
Langen FIR,All hours,67.02930838966373,67.83472858099348
Langen FIR,Night (20h–04h),16.271526667617422,29.600285724581493
Langen FIR,Winter & Night,8.703004719515285,17.479035808435786
Langen FIR,Winter (Oct–Mar),46.83538947495714,51.278039729251866
Lisboa FIR,All hours,34.458538924679154,60.55715820222424
Lisboa FIR,Night (20h–04h),4.6601333105775895,36.42457133402188
Lisboa FIR,Winter & Night,2.9398829653370795,20.655345470387218
Lisboa FIR,Winter (Oct–Mar),25.692032577474677,43.133286237874934
Ljubljana FIR,All hours,15.154997916460163,55.322449425316954
Ljubljana FIR,Night (20h–04h),1.7640871747160405,30.793709991053355
Ljubljana FIR,Winter & Night,0.19282771910868712,12.96153531148065
Ljubljana FIR,Winter (Oct–Mar),6.267021765683393,40.44935050004739
London FIR,All hours,23.404874680154716,51.49497420226926
London FIR,Night (20h–04h),1.8024175781875797,32.39668379719736
London FIR,Winter & Night,0.9429995520708696,19.38072341721479
London FIR,Winter (Oct–Mar),25.322211917341548,58.13098635908297
Lvov FIR,All hours,5.481289145226727,62.16411690447122
Lvov FIR,Night (20h–04h),0.5274079790068373,13.43286288603984
Lvov FIR,Winter & Night,0.9107034399950753,7.663653972367133
Lvov FIR,Winter (Oct–Mar),3.1349881844917684,46.84023768002262
Madrid FIR,All hours,50.67478436735726,68.20289090936787
Madrid FIR,Night (20h–04h),21.989651319776893,46.39892957142711
Madrid FIR,Winter & Night,10.437717203634453,28.413254039677348
Madrid FIR,Winter (Oct–Mar),32.12514998746463,52.99096572549875
Malta FIR,All hours,29.642866839148994,54.40277465589824
Malta FIR,Night (20h–04h),1.2248199249342127,25.72568968024531
Malta FIR,Winter & Night,1.8991127675426953,18.04586935339769
Malta FIR,Winter (Oct–Mar),26.385477041242815,56.08193167667234
Marseille FIR,All hours,36.92208515058867,62.680611530277865
Marseille FIR,Night (20h–04h),13.08156663081286,40.069400690565324
Marseille FIR,Winter & Night,3.47715865073893,20.289519686410365
Marseille FIR,Winter (Oct–Mar),17.240816940658622,48.133563236339285
Milano FIR,All hours,36.497545455065946,64.98362518411004
Milano FIR,Night (20h–04h),9.960434518748869,32.10892463248207
Milano FIR,Winter & Night,2.8409663779178107,16.691057015665116
Milano FIR,Winter (Oct–Mar),15.854648061668787,55.93610225403456
Munchen FIR,All hours,70.57148118210489,73.99602474206281
Munchen FIR,Night (20h–04h),12.061913451162791,25.171363152493424
Munchen FIR,Winter & Night,5.784353059655429,15.02515073606803
Munchen FIR,Winter (Oct–Mar),51.543781974169086,56.90310146336993
Nicosia FIR,All hours,49.081029749571016,64.3755051483174
Nicosia FIR,Night (20h–04h),6.9525567202026215,28.681878655842862
Nicosia FIR,Winter & Night,9.016156449503148,24.158163402357953
Nicosia FIR,Winter (Oct–Mar),23.3869107517335,37.14859684051751
Odessa FIR,All hours,10.462570917319248,47.65915734859087
Odessa FIR,Night (20h–04h),2.7081963931062414,19.781399575912275
Odessa FIR,Winter & Night,2.3981727944309936,19.7437840856054
Odessa FIR,Winter (Oct–Mar),6.502116591505493,50.02807276353927
Paris FIR,All hours,64.62722856163619,76.97765488252419
Paris FIR,Night (20h–04h),15.926967541366748,29.05104285614864
Paris FIR,Winter & Night,5.816955151613314,15.534032272197097
Paris FIR,Winter (Oct–Mar),44.49382922297715,60.748676071216465
Polaris FIR,All hours,45.038596765283195,72.54624492995431
Polaris FIR,Night (20h–04h),2.8534352638959093,21.720118662914054
Polaris FIR,Winter & Night,2.9701875258310726,14.099487001935643
Polaris FIR,Winter (Oct–Mar),41.88210508840911,67.74043321076418
Praha FIR,All hours,47.41379629341527,68.90189468074203
Praha FIR,Night (20h–04h),4.653538428149262,29.360527037350476
Praha FIR,Winter & Night,1.9552995594158056,16.524923270493684
Praha FIR,Winter (Oct–Mar),29.03195008669767,50.170707676682206
Reims FIR,All hours,40.87274717145241,69.1311901780458
Reims FIR,Night (20h–04h),14.523524273925798,32.30349190625493
Reims FIR,Winter & Night,4.962518704498814,16.18012516708406
Reims FIR,Winter (Oct–Mar),17.260559009998428,45.74939691992295
Reykjavik FIR,All hours,1.8176887638582437,49.46861673685964
Reykjavik FIR,Night (20h–04h),0.1551,13.262196827117736
Reykjavik FIR,Winter & Night,0.1551,9.196246381360632
Reykjavik FIR,Winter (Oct–Mar),2.686166328146123,48.4056564465036
Riga FIR,All hours,20.74351624213502,65.15387661566811
Riga FIR,Night (20h–04h),1.5533865088250984,19.057023125502774
Riga FIR,Winter & Night,1.4369060876692294,13.927995584568594
Riga FIR,Winter (Oct–Mar),17.348830449012333,59.86729155909629
Roma FIR,All hours,38.29140945284763,65.5199671919402
Roma FIR,Night (20h–04h),12.766253035880446,39.26599197187846
Roma FIR,Winter & Night,3.671167897745594,22.38373107737742
Roma FIR,Winter (Oct–Mar),20.29638076731156,58.7023041572887
Santa Maria FIR,All hours,1.3294338809672182,56.469748559499635
Santa Maria FIR,Night (20h–04h),2.025898526394586,36.31647876678421
Santa Maria FIR,Winter & Night,0.6232395402435902,21.982629866198746
Santa Maria FIR,Winter (Oct–Mar),1.248559795667207,44.466119594795046
Sarajevo FIR,All hours,9.604609634924067,60.11571040088729
Sarajevo FIR,Night (20h–04h),0.7710407818911817,23.68235506619085
Sarajevo FIR,Winter & Night,0.1797242311390188,13.164903528477945
Sarajevo FIR,Winter (Oct–Mar),2.29006344639663,46.81831596883727
Scottish FIR,All hours,-1.9349212053577627,36.51965337401918
Scottish FIR,Night (20h–04h),0.1982,24.34069966796278
Scottish FIR,Winter & Night,0.1982,14.223854075143453
Scottish FIR,Winter (Oct–Mar),2.908502953802786,50.19663085225815
Shannon FIR,All hours,2.5707309426161182,42.14169105956249
Shannon FIR,Night (20h–04h),0.06324253858780438,21.651379799185495
Shannon FIR,Winter & Night,0.1608,11.402654099197683
Shannon FIR,Winter (Oct–Mar),1.5513884346060014,44.59446559593611
Shanwick FIR,All hours,2.7631155881572207,48.43542412351437
Shanwick FIR,Night (20h–04h),1.9978779546713987,16.814131050262887
Shanwick FIR,Winter & Night,0.07779458590918908,9.172078181698998
Shanwick FIR,Winter (Oct–Mar),2.760355478155273,39.93364814298297
Simferopol FIR,All hours,2.206383301226569,48.579628793065424
Simferopol FIR,Night (20h–04h),1.9285490613957814,18.82829476200452
Simferopol FIR,Winter & Night,0.714909447481161,17.301223635440465
Simferopol FIR,Winter (Oct–Mar),4.3049035363789745,44.46849297200149
Skopje FIR,All hours,18.178306846710477,47.58964805341948
Skopje FIR,Night (20h–04h),6.887544924986924,20.53841794397508
Skopje FIR,Winter & Night,1.2619934110572912,10.378291445741516
Skopje FIR,Winter (Oct–Mar),1.8024978744241724,52.27711042979108
Sofia FIR,All hours,40.26062830255999,55.41706556442712
Sofia FIR,Night (20h–04h),0.3865666531820519,15.336620041448686
Sofia FIR,Winter & Night,0.6097355509505261,14.817636856284812
Sofia FIR,Winter (Oct–Mar),32.930440467996746,48.241319350355575
Sweden FIR,All hours,64.70502880598923,71.68586376792256
Sweden FIR,Night (20h–04h),10.065145848076227,25.411116672065425
Sweden FIR,Winter & Night,8.269089461130559,18.187170375194203
Sweden FIR,Winter (Oct–Mar),59.58303111279601,67.51106912686683
Switzerland FIR,All hours,61.83913326682768,73.62496581917955
Switzerland FIR,Night (20h–04h),18.765702330052374,31.81536555244227
Switzerland FIR,Winter & Night,6.097259395419729,15.268386607891836
Switzerland FIR,Winter (Oct–Mar),34.768552060389844,52.54568286306207
Tallinn FIR,All hours,22.22335541981261,50.029549922443174
Tallinn FIR,Night (20h–04h),0.49724532315907294,19.899603765825017
Tallinn FIR,Winter & Night,0.997727208524136,14.527221866404812
Tallinn FIR,Winter (Oct–Mar),19.913557032199392,48.576623609389515
Tibilisi FIR,All hours,8.231393924300297,59.03380321281736
Tibilisi FIR,Night (20h–04h),6.939900243721668,22.912250754706626
Tibilisi FIR,Winter & Night,6.586887212020016,18.797735732071576
Tibilisi FIR,Winter (Oct–Mar),8.072123376216295,48.76127600858305
Tirana FIR,All hours,8.775372843793962,55.00294878878488
Tirana FIR,Night (20h–04h),0.7321887611827813,16.51873409785844
Tirana FIR,Winter & Night,0.0,12.162334563450223
Tirana FIR,Winter (Oct–Mar),1.2132489074347017,48.883433291251045
Vilnius FIR,All hours,10.277837877392466,64.72962150729575
Vilnius FIR,Night (20h–04h),0.0196,14.89623121345557
Vilnius FIR,Winter & Night,0.0196,10.951933017448098
Vilnius FIR,Winter (Oct–Mar),8.988508722719429,58.5409088534759
Warszawa FIR,All hours,37.07292185447948,68.99069581330043
Warszawa FIR,Night (20h–04h),2.217131483565614,22.84435848830989
Warszawa FIR,Winter & Night,1.6810718805771359,15.409463672407455
Warszawa FIR,Winter (Oct–Mar),25.642174772248744,53.356213630990446
Wien FIR,All hours,52.909991230250085,68.41792850186593
Wien FIR,Night (20h–04h),7.098196685829597,27.796093161877252
Wien FIR,Winter & Night,2.177155867613754,12.069054620443776
Wien FIR,Winter (Oct–Mar),27.429499986941547,46.88801582381929
Yerevan FIR,All hours,9.629561432126646,65.19401315437611
Yerevan FIR,Night (20h–04h),6.634406313736801,25.750096593124965
Yerevan FIR,Winter & Night,6.608345373796358,21.32919914947718
Yerevan FIR,Winter (Oct–Mar),9.11001654444321,53.739682077287924
Zagreb FIR,All hours,19.7255291694594,52.36728019253594
Zagreb FIR,Night (20h–04h),3.1549457946314123,25.90558039176174
Zagreb FIR,Winter & Night,1.208821879574415,12.596973465275777
Zagreb FIR,Winter (Oct–Mar),5.385039017640954,42.75006873167026
