date,region,contrail_ef_overlap_initial_loc
2019-01-01,European Airspace,0.000258
2019-01-01,Global,0.001866
2019-01-01,London FIR,3e-06
2019-01-01,Paris FIR,0.0
2019-01-01,Shanwick FIR,3.8e-05
2019-01-01,Switzerland FIR,0.0
2019-01-02,European Airspace,0.000535
2019-01-02,Global,0.002726
2019-01-02,London FIR,8e-06
2019-01-02,Paris FIR,0.0
2019-01-02,Shanwick FIR,0.000292
2019-01-02,Switzerland FIR,0.0
2019-01-03,European Airspace,0.001089
2019-01-03,Global,0.003016
2019-01-03,London FIR,1e-06
2019-01-03,Paris FIR,7e-06
2019-01-03,Shanwick FIR,0.000582
2019-01-03,Switzerland FIR,1e-06
2019-01-04,European Airspace,0.001612
2019-01-04,Global,0.003169
2019-01-04,London FIR,0.000107
2019-01-04,Paris FIR,0.0001
2019-01-04,Shanwick FIR,0.000463
2019-01-04,Switzerland FIR,4e-06
2019-01-05,European Airspace,0.000672
2019-01-05,Global,0.002157
2019-01-05,London FIR,1.1e-05
2019-01-05,Paris FIR,9e-06
2019-01-05,Shanwick FIR,0.000262
2019-01-05,Switzerland FIR,1e-06
2019-01-06,European Airspace,0.00129
2019-01-06,Global,0.002877
2019-01-06,London FIR,6.5e-05
2019-01-06,Paris FIR,2.4e-05
2019-01-06,Shanwick FIR,0.000788
2019-01-06,Switzerland FIR,0.0
2019-01-07,European Airspace,0.002268
2019-01-07,Global,0.004976
2019-01-07,London FIR,0.000311
2019-01-07,Paris FIR,7.3e-05
2019-01-07,Shanwick FIR,0.000493
2019-01-07,Switzerland FIR,3e-06
2019-01-08,European Airspace,0.001099
2019-01-08,Global,0.004435
2019-01-08,London FIR,8.8e-05
2019-01-08,Paris FIR,8.7e-05
2019-01-08,Shanwick FIR,0.000229
2019-01-08,Switzerland FIR,5e-06
2019-01-09,European Airspace,0.000484
2019-01-09,Global,0.003647
2019-01-09,London FIR,2.5e-05
2019-01-09,Paris FIR,5e-06
2019-01-09,Shanwick FIR,2.9e-05
2019-01-09,Switzerland FIR,0.0
2019-01-10,European Airspace,0.000822
2019-01-10,Global,0.003231
2019-01-10,London FIR,2.1e-05
2019-01-10,Paris FIR,0.0
2019-01-10,Shanwick FIR,0.000293
2019-01-10,Switzerland FIR,0.0
2019-01-11,European Airspace,0.001323
2019-01-11,Global,0.005033
2019-01-11,London FIR,1.8e-05
2019-01-11,Paris FIR,5e-06
2019-01-11,Shanwick FIR,0.000309
2019-01-11,Switzerland FIR,-0.0
2019-01-12,European Airspace,0.002703
2019-01-12,Global,0.006717
2019-01-12,London FIR,0.000363
2019-01-12,Paris FIR,0.000224
2019-01-12,Shanwick FIR,0.000839
2019-01-12,Switzerland FIR,4e-06
2019-01-13,European Airspace,0.001415
2019-01-13,Global,0.004344
2019-01-13,London FIR,0.000175
2019-01-13,Paris FIR,0.000222
2019-01-13,Shanwick FIR,0.000225
2019-01-13,Switzerland FIR,1.4e-05
2019-01-14,European Airspace,0.00054
2019-01-14,Global,0.003381
2019-01-14,London FIR,2.1e-05
2019-01-14,Paris FIR,2e-06
2019-01-14,Shanwick FIR,0.000319
2019-01-14,Switzerland FIR,0.0
2019-01-15,European Airspace,0.001112
2019-01-15,Global,0.003723
2019-01-15,London FIR,0.000193
2019-01-15,Paris FIR,5.6e-05
2019-01-15,Shanwick FIR,0.000148
2019-01-15,Switzerland FIR,2e-06
2019-01-16,European Airspace,0.001813
2019-01-16,Global,0.004436
2019-01-16,London FIR,3.9e-05
2019-01-16,Paris FIR,0.000222
2019-01-16,Shanwick FIR,3.2e-05
2019-01-16,Switzerland FIR,5.8e-05
2019-01-17,European Airspace,0.000543
2019-01-17,Global,0.003135
2019-01-17,London FIR,6.2e-05
2019-01-17,Paris FIR,3e-06
2019-01-17,Shanwick FIR,0.000141
2019-01-17,Switzerland FIR,0.0
2019-01-18,European Airspace,0.000948
2019-01-18,Global,0.003394
2019-01-18,London FIR,2.3e-05
2019-01-18,Paris FIR,2e-06
2019-01-18,Shanwick FIR,2e-05
2019-01-18,Switzerland FIR,7e-06
2019-01-19,European Airspace,0.001146
2019-01-19,Global,0.003849
2019-01-19,London FIR,7e-06
2019-01-19,Paris FIR,1e-06
2019-01-19,Shanwick FIR,3.5e-05
2019-01-19,Switzerland FIR,1e-06
2019-01-20,European Airspace,0.000736
2019-01-20,Global,0.003356
2019-01-20,London FIR,1e-06
2019-01-20,Paris FIR,0.0
2019-01-20,Shanwick FIR,0.000266
2019-01-20,Switzerland FIR,-0.0
2019-01-21,European Airspace,0.00104
2019-01-21,Global,0.003638
2019-01-21,London FIR,0.000155
2019-01-21,Paris FIR,2.7e-05
2019-01-21,Shanwick FIR,0.000392
2019-01-21,Switzerland FIR,0.0
2019-01-22,European Airspace,0.00166
2019-01-22,Global,0.004194
2019-01-22,London FIR,6e-06
2019-01-22,Paris FIR,-3e-06
2019-01-22,Shanwick FIR,0.000569
2019-01-22,Switzerland FIR,1e-06
2019-01-23,European Airspace,0.001747
2019-01-23,Global,0.004437
2019-01-23,London FIR,3.4e-05
2019-01-23,Paris FIR,0.0
2019-01-23,Shanwick FIR,0.000641
2019-01-23,Switzerland FIR,-0.0
2019-01-24,European Airspace,0.001834
2019-01-24,Global,0.004565
2019-01-24,London FIR,3.7e-05
2019-01-24,Paris FIR,2e-06
2019-01-24,Shanwick FIR,0.000303
2019-01-24,Switzerland FIR,0.0
2019-01-25,European Airspace,0.00147
2019-01-25,Global,0.004022
2019-01-25,London FIR,0.000152
2019-01-25,Paris FIR,4.1e-05
2019-01-25,Shanwick FIR,0.00027
2019-01-25,Switzerland FIR,1e-06
2019-01-26,European Airspace,0.003051
2019-01-26,Global,0.006526
2019-01-26,London FIR,0.000219
2019-01-26,Paris FIR,0.000396
2019-01-26,Shanwick FIR,3.8e-05
2019-01-26,Switzerland FIR,6.8e-05
2019-01-27,European Airspace,0.000907
2019-01-27,Global,0.004165
2019-01-27,London FIR,-0.0
2019-01-27,Paris FIR,0.0
2019-01-27,Shanwick FIR,0.000135
2019-01-27,Switzerland FIR,5e-06
2019-01-28,European Airspace,0.000747
2019-01-28,Global,0.003457
2019-01-28,London FIR,3e-06
2019-01-28,Paris FIR,0.0
2019-01-28,Shanwick FIR,7.8e-05
2019-01-28,Switzerland FIR,-0.0
2019-01-29,European Airspace,0.000809
2019-01-29,Global,0.003039
2019-01-29,London FIR,6e-06
2019-01-29,Paris FIR,1.5e-05
2019-01-29,Shanwick FIR,4.3e-05
2019-01-29,Switzerland FIR,1.1e-05
2019-01-30,European Airspace,0.000692
2019-01-30,Global,0.002843
2019-01-30,London FIR,0.0
2019-01-30,Paris FIR,-1e-06
2019-01-30,Shanwick FIR,6.3e-05
2019-01-30,Switzerland FIR,1e-06
2019-01-31,European Airspace,0.000792
2019-01-31,Global,0.003948
2019-01-31,London FIR,-2e-06
2019-01-31,Paris FIR,2.3e-05
2019-01-31,Shanwick FIR,2e-06
2019-01-31,Switzerland FIR,6e-06
2019-02-01,European Airspace,0.001108
2019-02-01,Global,0.004352
2019-02-01,London FIR,2e-06
2019-02-01,Paris FIR,2e-06
2019-02-01,Shanwick FIR,1.1e-05
2019-02-01,Switzerland FIR,1.3e-05
2019-02-02,European Airspace,0.001265
2019-02-02,Global,0.003789
2019-02-02,London FIR,-0.0
2019-02-02,Paris FIR,8e-06
2019-02-02,Shanwick FIR,3e-05
2019-02-02,Switzerland FIR,2e-06
2019-02-03,European Airspace,0.001159
2019-02-03,Global,0.004194
2019-02-03,London FIR,6.2e-05
2019-02-03,Paris FIR,4e-06
2019-02-03,Shanwick FIR,8.4e-05
2019-02-03,Switzerland FIR,3e-06
2019-02-04,European Airspace,0.000629
2019-02-04,Global,0.003386
2019-02-04,London FIR,2e-05
2019-02-04,Paris FIR,-1.5e-05
2019-02-04,Shanwick FIR,6.8e-05
2019-02-04,Switzerland FIR,5e-06
2019-02-05,European Airspace,0.000856
2019-02-05,Global,0.003529
2019-02-05,London FIR,0.000219
2019-02-05,Paris FIR,-5e-06
2019-02-05,Shanwick FIR,8.4e-05
2019-02-05,Switzerland FIR,1e-06
2019-02-06,European Airspace,0.002634
2019-02-06,Global,0.004056
2019-02-06,London FIR,0.000213
2019-02-06,Paris FIR,0.000356
2019-02-06,Shanwick FIR,1.1e-05
2019-02-06,Switzerland FIR,8e-06
2019-02-07,European Airspace,0.002627
2019-02-07,Global,0.004212
2019-02-07,London FIR,6e-05
2019-02-07,Paris FIR,3.8e-05
2019-02-07,Shanwick FIR,0.000233
2019-02-07,Switzerland FIR,3.3e-05
2019-02-08,European Airspace,0.002148
2019-02-08,Global,0.004296
2019-02-08,London FIR,9.8e-05
2019-02-08,Paris FIR,0.000153
2019-02-08,Shanwick FIR,3.3e-05
2019-02-08,Switzerland FIR,2.3e-05
2019-02-09,European Airspace,0.002763
2019-02-09,Global,0.00522
2019-02-09,London FIR,3.7e-05
2019-02-09,Paris FIR,0.00048
2019-02-09,Shanwick FIR,3.4e-05
2019-02-09,Switzerland FIR,8.2e-05
2019-02-10,European Airspace,0.002029
2019-02-10,Global,0.005248
2019-02-10,London FIR,4e-06
2019-02-10,Paris FIR,1.7e-05
2019-02-10,Shanwick FIR,9e-05
2019-02-10,Switzerland FIR,1.2e-05
2019-02-11,European Airspace,0.001221
2019-02-11,Global,0.005196
2019-02-11,London FIR,6.9e-05
2019-02-11,Paris FIR,1.3e-05
2019-02-11,Shanwick FIR,0.000469
2019-02-11,Switzerland FIR,-0.0
2019-02-12,European Airspace,0.000746
2019-02-12,Global,0.003845
2019-02-12,London FIR,4e-05
2019-02-12,Paris FIR,1.1e-05
2019-02-12,Shanwick FIR,0.000156
2019-02-12,Switzerland FIR,-0.0
2019-02-13,European Airspace,0.001219
2019-02-13,Global,0.003256
2019-02-13,London FIR,7.3e-05
2019-02-13,Paris FIR,9e-06
2019-02-13,Shanwick FIR,0.000243
2019-02-13,Switzerland FIR,5e-06
2019-02-14,European Airspace,0.000978
2019-02-14,Global,0.002871
2019-02-14,London FIR,3e-06
2019-02-14,Paris FIR,-3e-06
2019-02-14,Shanwick FIR,0.000393
2019-02-14,Switzerland FIR,0.0
2019-02-15,European Airspace,0.000946
2019-02-15,Global,0.003651
2019-02-15,London FIR,3.9e-05
2019-02-15,Paris FIR,-0.0
2019-02-15,Shanwick FIR,8.8e-05
2019-02-15,Switzerland FIR,-0.0
2019-02-16,European Airspace,0.002419
2019-02-16,Global,0.004763
2019-02-16,London FIR,8.3e-05
2019-02-16,Paris FIR,0.000526
2019-02-16,Shanwick FIR,0.000149
2019-02-16,Switzerland FIR,-0.0
2019-02-17,European Airspace,0.001688
2019-02-17,Global,0.004066
2019-02-17,London FIR,0.000237
2019-02-17,Paris FIR,0.000137
2019-02-17,Shanwick FIR,0.0
2019-02-17,Switzerland FIR,-0.0
2019-02-18,European Airspace,0.000802
2019-02-18,Global,0.001904
2019-02-18,London FIR,4e-06
2019-02-18,Paris FIR,1.2e-05
2019-02-18,Shanwick FIR,0.000111
2019-02-18,Switzerland FIR,2e-06
2019-02-19,European Airspace,0.001139
2019-02-19,Global,0.00237
2019-02-19,London FIR,8.1e-05
2019-02-19,Paris FIR,8.5e-05
2019-02-19,Shanwick FIR,0.0004
2019-02-19,Switzerland FIR,-1e-06
2019-02-20,European Airspace,0.000779
2019-02-20,Global,0.002229
2019-02-20,London FIR,8e-06
2019-02-20,Paris FIR,0.0
2019-02-20,Shanwick FIR,0.000155
2019-02-20,Switzerland FIR,4e-06
2019-02-21,European Airspace,0.00051
2019-02-21,Global,0.001685
2019-02-21,London FIR,1e-05
2019-02-21,Paris FIR,-0.0
2019-02-21,Shanwick FIR,9.5e-05
2019-02-21,Switzerland FIR,0.0
2019-02-22,European Airspace,0.000835
2019-02-22,Global,0.002072
2019-02-22,London FIR,8.6e-05
2019-02-22,Paris FIR,1e-06
2019-02-22,Shanwick FIR,8.3e-05
2019-02-22,Switzerland FIR,-0.0
2019-02-23,European Airspace,0.000496
2019-02-23,Global,0.002415
2019-02-23,London FIR,-8e-06
2019-02-23,Paris FIR,0.0
2019-02-23,Shanwick FIR,3.1e-05
2019-02-23,Switzerland FIR,9e-06
2019-02-24,European Airspace,0.000628
2019-02-24,Global,0.002665
2019-02-24,London FIR,3.9e-05
2019-02-24,Paris FIR,0.0
2019-02-24,Shanwick FIR,0.000148
2019-02-24,Switzerland FIR,0.0
2019-02-25,European Airspace,0.00064
2019-02-25,Global,0.002715
2019-02-25,London FIR,1e-06
2019-02-25,Paris FIR,0.0
2019-02-25,Shanwick FIR,0.000112
2019-02-25,Switzerland FIR,0.0
2019-02-26,European Airspace,0.000134
2019-02-26,Global,0.001877
2019-02-26,London FIR,0.0
2019-02-26,Paris FIR,-0.0
2019-02-26,Shanwick FIR,1e-06
2019-02-26,Switzerland FIR,2e-06
2019-02-27,European Airspace,0.000318
2019-02-27,Global,0.002458
2019-02-27,London FIR,0.0
2019-02-27,Paris FIR,-0.0
2019-02-27,Shanwick FIR,5.3e-05
2019-02-27,Switzerland FIR,0.0
2019-02-28,European Airspace,0.000413
2019-02-28,Global,0.001912
2019-02-28,London FIR,-2e-06
2019-02-28,Paris FIR,-0.0
2019-02-28,Shanwick FIR,4.4e-05
2019-02-28,Switzerland FIR,-0.0
2019-03-01,European Airspace,0.000665
2019-03-01,Global,0.002682
2019-03-01,London FIR,2e-05
2019-03-01,Paris FIR,2.8e-05
2019-03-01,Shanwick FIR,1.2e-05
2019-03-01,Switzerland FIR,-0.0
2019-03-02,European Airspace,0.000675
2019-03-02,Global,0.002545
2019-03-02,London FIR,0.000168
2019-03-02,Paris FIR,7e-05
2019-03-02,Shanwick FIR,6.5e-05
2019-03-02,Switzerland FIR,8e-06
2019-03-03,European Airspace,0.002243
2019-03-03,Global,0.003847
2019-03-03,London FIR,0.000173
2019-03-03,Paris FIR,0.000182
2019-03-03,Shanwick FIR,1.7e-05
2019-03-03,Switzerland FIR,1.8e-05
2019-03-04,European Airspace,0.000767
2019-03-04,Global,0.002185
2019-03-04,London FIR,-1.4e-05
2019-03-04,Paris FIR,-2e-06
2019-03-04,Shanwick FIR,-7e-06
2019-03-04,Switzerland FIR,-0.0
2019-03-05,European Airspace,0.001329
2019-03-05,Global,0.002954
2019-03-05,London FIR,9.4e-05
2019-03-05,Paris FIR,7e-05
2019-03-05,Shanwick FIR,1.4e-05
2019-03-05,Switzerland FIR,6e-06
2019-03-06,European Airspace,0.001838
2019-03-06,Global,0.003393
2019-03-06,London FIR,4.5e-05
2019-03-06,Paris FIR,0.000133
2019-03-06,Shanwick FIR,3e-06
2019-03-06,Switzerland FIR,6.1e-05
2019-03-07,European Airspace,0.000838
2019-03-07,Global,0.003102
2019-03-07,London FIR,2e-06
2019-03-07,Paris FIR,0.0
2019-03-07,Shanwick FIR,1.5e-05
2019-03-07,Switzerland FIR,1e-06
2019-03-08,European Airspace,0.00095
2019-03-08,Global,0.004143
2019-03-08,London FIR,1e-06
2019-03-08,Paris FIR,1.6e-05
2019-03-08,Shanwick FIR,7.3e-05
2019-03-08,Switzerland FIR,0.0
2019-03-09,European Airspace,0.002114
2019-03-09,Global,0.004251
2019-03-09,London FIR,3.9e-05
2019-03-09,Paris FIR,0.000154
2019-03-09,Shanwick FIR,8.5e-05
2019-03-09,Switzerland FIR,8e-06
2019-03-10,European Airspace,0.000536
2019-03-10,Global,0.003061
2019-03-10,London FIR,2e-06
2019-03-10,Paris FIR,1.9e-05
2019-03-10,Shanwick FIR,1.7e-05
2019-03-10,Switzerland FIR,1e-06
2019-03-11,European Airspace,0.000695
2019-03-11,Global,0.002429
2019-03-11,London FIR,3e-05
2019-03-11,Paris FIR,1e-06
2019-03-11,Shanwick FIR,0.000101
2019-03-11,Switzerland FIR,-0.0
2019-03-12,European Airspace,0.000479
2019-03-12,Global,0.002332
2019-03-12,London FIR,3.7e-05
2019-03-12,Paris FIR,-3.7e-05
2019-03-12,Shanwick FIR,1.6e-05
2019-03-12,Switzerland FIR,1.2e-05
2019-03-13,European Airspace,0.000834
2019-03-13,Global,0.003116
2019-03-13,London FIR,2.3e-05
2019-03-13,Paris FIR,5e-06
2019-03-13,Shanwick FIR,0.000269
2019-03-13,Switzerland FIR,0.0
2019-03-14,European Airspace,0.001015
2019-03-14,Global,0.002936
2019-03-14,London FIR,0.000133
2019-03-14,Paris FIR,9e-05
2019-03-14,Shanwick FIR,0.000446
2019-03-14,Switzerland FIR,-2e-06
2019-03-15,European Airspace,0.00173
2019-03-15,Global,0.003411
2019-03-15,London FIR,0.000328
2019-03-15,Paris FIR,0.000181
2019-03-15,Shanwick FIR,0.000224
2019-03-15,Switzerland FIR,2e-06
2019-03-16,European Airspace,0.000904
2019-03-16,Global,0.00248
2019-03-16,London FIR,0.000182
2019-03-16,Paris FIR,2.4e-05
2019-03-16,Shanwick FIR,3.8e-05
2019-03-16,Switzerland FIR,-0.0
2019-03-17,European Airspace,0.000835
2019-03-17,Global,0.003061
2019-03-17,London FIR,0.0
2019-03-17,Paris FIR,1.1e-05
2019-03-17,Shanwick FIR,8.6e-05
2019-03-17,Switzerland FIR,1e-06
2019-03-18,European Airspace,0.000182
2019-03-18,Global,0.00201
2019-03-18,London FIR,1e-06
2019-03-18,Paris FIR,-1e-06
2019-03-18,Shanwick FIR,0.000112
2019-03-18,Switzerland FIR,0.0
2019-03-19,European Airspace,0.000335
2019-03-19,Global,0.001683
2019-03-19,London FIR,1.7e-05
2019-03-19,Paris FIR,2e-06
2019-03-19,Shanwick FIR,0.000245
2019-03-19,Switzerland FIR,0.0
2019-03-20,European Airspace,0.000835
2019-03-20,Global,0.001979
2019-03-20,London FIR,0.000174
2019-03-20,Paris FIR,9e-06
2019-03-20,Shanwick FIR,0.000185
2019-03-20,Switzerland FIR,0.0
2019-03-21,European Airspace,0.000499
2019-03-21,Global,0.001747
2019-03-21,London FIR,6.2e-05
2019-03-21,Paris FIR,0.0
2019-03-21,Shanwick FIR,0.000116
2019-03-21,Switzerland FIR,1e-06
2019-03-22,European Airspace,0.00048
2019-03-22,Global,0.001931
2019-03-22,London FIR,0.000111
2019-03-22,Paris FIR,-1e-06
2019-03-22,Shanwick FIR,4.2e-05
2019-03-22,Switzerland FIR,1.8e-05
2019-03-23,European Airspace,0.000848
2019-03-23,Global,0.002818
2019-03-23,London FIR,0.000159
2019-03-23,Paris FIR,2.7e-05
2019-03-23,Shanwick FIR,3.5e-05
2019-03-23,Switzerland FIR,-0.0
2019-03-24,European Airspace,0.000132
2019-03-24,Global,0.00179
2019-03-24,London FIR,-5e-06
2019-03-24,Paris FIR,8e-06
2019-03-24,Shanwick FIR,9.5e-05
2019-03-24,Switzerland FIR,-0.0
2019-03-25,Global,0.0
2019-03-26,European Airspace,0.000508
2019-03-26,Global,0.002406
2019-03-26,London FIR,-1e-05
2019-03-26,Paris FIR,1e-06
2019-03-26,Shanwick FIR,0.000157
2019-03-26,Switzerland FIR,0.0
2019-03-27,European Airspace,0.000343
2019-03-27,Global,0.002538
2019-03-27,London FIR,8e-06
2019-03-27,Paris FIR,4e-06
2019-03-27,Shanwick FIR,0.000112
2019-03-27,Switzerland FIR,0.0
2019-03-28,European Airspace,0.00047
2019-03-28,Global,0.002538
2019-03-28,London FIR,0.0
2019-03-28,Paris FIR,-1e-06
2019-03-28,Shanwick FIR,0.000255
2019-03-28,Switzerland FIR,0.0
2019-03-29,European Airspace,0.001011
2019-03-29,Global,0.0042
2019-03-29,London FIR,0.0
2019-03-29,Paris FIR,0.0
2019-03-29,Shanwick FIR,7.5e-05
2019-03-29,Switzerland FIR,0.0
2019-03-30,European Airspace,0.000542
2019-03-30,Global,0.002979
2019-03-30,London FIR,6e-06
2019-03-30,Paris FIR,-0.0
2019-03-30,Shanwick FIR,3.3e-05
2019-03-30,Switzerland FIR,-0.0
2019-03-31,European Airspace,6.8e-05
2019-03-31,Global,0.002654
2019-03-31,London FIR,-7e-06
2019-03-31,Paris FIR,-7e-06
2019-03-31,Shanwick FIR,4e-05
2019-03-31,Switzerland FIR,0.0
2019-04-01,European Airspace,0.000371
2019-04-01,Global,0.00313
2019-04-01,London FIR,0.000155
2019-04-01,Paris FIR,1e-06
2019-04-01,Shanwick FIR,3.7e-05
2019-04-01,Switzerland FIR,1e-06
2019-04-02,European Airspace,0.000476
2019-04-02,Global,0.003456
2019-04-02,London FIR,-1e-05
2019-04-02,Paris FIR,-1e-06
2019-04-02,Shanwick FIR,1.3e-05
2019-04-02,Switzerland FIR,4e-06
2019-04-03,European Airspace,0.000264
2019-04-03,Global,0.002444
2019-04-03,London FIR,0.0
2019-04-03,Paris FIR,-0.0
2019-04-03,Shanwick FIR,0.000108
2019-04-03,Switzerland FIR,-0.0
2019-04-04,European Airspace,7.1e-05
2019-04-04,Global,0.002196
2019-04-04,London FIR,-0.0
2019-04-04,Paris FIR,0.0
2019-04-04,Shanwick FIR,1e-06
2019-04-04,Switzerland FIR,0.0
2019-04-05,European Airspace,0.000428
2019-04-05,Global,0.003033
2019-04-05,London FIR,5.5e-05
2019-04-05,Paris FIR,1.6e-05
2019-04-05,Shanwick FIR,2e-06
2019-04-05,Switzerland FIR,2e-06
2019-04-06,European Airspace,0.000565
2019-04-06,Global,0.003129
2019-04-06,London FIR,8.9e-05
2019-04-06,Paris FIR,4e-06
2019-04-06,Shanwick FIR,3.1e-05
2019-04-06,Switzerland FIR,-9e-06
2019-04-07,European Airspace,0.000332
2019-04-07,Global,0.002024
2019-04-07,London FIR,3.4e-05
2019-04-07,Paris FIR,-1.3e-05
2019-04-07,Shanwick FIR,5e-05
2019-04-07,Switzerland FIR,-0.0
2019-04-08,European Airspace,0.000484
2019-04-08,Global,0.002574
2019-04-08,London FIR,2e-06
2019-04-08,Paris FIR,7e-06
2019-04-08,Shanwick FIR,4.8e-05
2019-04-08,Switzerland FIR,3e-06
2019-04-09,European Airspace,0.000324
2019-04-09,Global,0.002031
2019-04-09,London FIR,8e-06
2019-04-09,Paris FIR,-2e-06
2019-04-09,Shanwick FIR,3.4e-05
2019-04-09,Switzerland FIR,-0.0
2019-04-10,European Airspace,0.000275
2019-04-10,Global,0.001948
2019-04-10,London FIR,-1e-06
2019-04-10,Paris FIR,3e-06
2019-04-10,Shanwick FIR,1.4e-05
2019-04-10,Switzerland FIR,5e-06
2019-04-11,European Airspace,0.000506
2019-04-11,Global,0.002016
2019-04-11,London FIR,0.0
2019-04-11,Paris FIR,0.0
2019-04-11,Shanwick FIR,6e-06
2019-04-11,Switzerland FIR,6e-06
2019-04-12,European Airspace,0.000417
2019-04-12,Global,0.002942
2019-04-12,London FIR,1e-06
2019-04-12,Paris FIR,-0.0
2019-04-12,Shanwick FIR,8e-05
2019-04-12,Switzerland FIR,1e-06
2019-04-13,European Airspace,0.000383
2019-04-13,Global,0.001981
2019-04-13,London FIR,3e-06
2019-04-13,Paris FIR,0.0
2019-04-13,Shanwick FIR,8.7e-05
2019-04-13,Switzerland FIR,0.0
2019-04-14,European Airspace,0.000479
2019-04-14,Global,0.002311
2019-04-14,London FIR,-3e-06
2019-04-14,Paris FIR,1e-06
2019-04-14,Shanwick FIR,1.9e-05
2019-04-14,Switzerland FIR,0.0
2019-04-15,European Airspace,6.9e-05
2019-04-15,Global,0.001405
2019-04-15,London FIR,6.6e-05
2019-04-15,Paris FIR,9e-05
2019-04-15,Shanwick FIR,3.7e-05
2019-04-15,Switzerland FIR,0.0
2019-04-16,European Airspace,0.000678
2019-04-16,Global,0.002517
2019-04-16,London FIR,-4.5e-05
2019-04-16,Paris FIR,9.6e-05
2019-04-16,Shanwick FIR,1.7e-05
2019-04-16,Switzerland FIR,1.7e-05
2019-04-17,European Airspace,0.000468
2019-04-17,Global,0.001998
2019-04-17,London FIR,2.9e-05
2019-04-17,Paris FIR,4.8e-05
2019-04-17,Shanwick FIR,-2e-06
2019-04-17,Switzerland FIR,0.0
2019-04-18,European Airspace,2e-05
2019-04-18,Global,0.001413
2019-04-18,London FIR,-8.7e-05
2019-04-18,Paris FIR,-2.8e-05
2019-04-18,Shanwick FIR,3e-06
2019-04-18,Switzerland FIR,1e-06
2019-04-19,European Airspace,2.7e-05
2019-04-19,Global,0.001368
2019-04-19,London FIR,6e-06
2019-04-19,Paris FIR,-0.0
2019-04-19,Shanwick FIR,-1.1e-05
2019-04-19,Switzerland FIR,0.0
2019-04-20,European Airspace,0.000218
2019-04-20,Global,0.00142
2019-04-20,London FIR,2e-06
2019-04-20,Paris FIR,0.0
2019-04-20,Shanwick FIR,0.000112
2019-04-20,Switzerland FIR,2e-06
2019-04-21,European Airspace,0.000529
2019-04-21,Global,0.002119
2019-04-21,London FIR,-2e-05
2019-04-21,Paris FIR,3.5e-05
2019-04-21,Shanwick FIR,7.7e-05
2019-04-21,Switzerland FIR,5e-06
2019-04-22,European Airspace,0.000345
2019-04-22,Global,0.001879
2019-04-22,London FIR,1.6e-05
2019-04-22,Paris FIR,2.3e-05
2019-04-22,Shanwick FIR,2e-06
2019-04-22,Switzerland FIR,-1e-06
2019-04-23,European Airspace,0.000514
2019-04-23,Global,0.002386
2019-04-23,London FIR,-3e-06
2019-04-23,Paris FIR,-6e-05
2019-04-23,Shanwick FIR,-8e-06
2019-04-23,Switzerland FIR,-6e-06
2019-04-24,European Airspace,0.000358
2019-04-24,Global,0.001534
2019-04-24,London FIR,-2.6e-05
2019-04-24,Paris FIR,0.0
2019-04-24,Shanwick FIR,-3.9e-05
2019-04-24,Switzerland FIR,-3e-06
2019-04-25,European Airspace,0.000445
2019-04-25,Global,0.001456
2019-04-25,London FIR,-0.0
2019-04-25,Paris FIR,-0.0
2019-04-25,Shanwick FIR,2e-06
2019-04-25,Switzerland FIR,1e-06
2019-04-26,European Airspace,0.000571
2019-04-26,Global,0.002042
2019-04-26,London FIR,0.0
2019-04-26,Paris FIR,7e-06
2019-04-26,Shanwick FIR,4e-06
2019-04-26,Switzerland FIR,0.0
2019-04-27,European Airspace,0.00041
2019-04-27,Global,0.001604
2019-04-27,London FIR,3e-06
2019-04-27,Paris FIR,2e-06
2019-04-27,Shanwick FIR,2.2e-05
2019-04-27,Switzerland FIR,1e-06
2019-04-28,European Airspace,0.000776
2019-04-28,Global,0.001984
2019-04-28,London FIR,4.4e-05
2019-04-28,Paris FIR,0.0
2019-04-28,Shanwick FIR,7.8e-05
2019-04-28,Switzerland FIR,0.0
2019-04-29,European Airspace,0.000389
2019-04-29,Global,0.001916
2019-04-29,London FIR,2e-06
2019-04-29,Paris FIR,0.0
2019-04-29,Shanwick FIR,4.7e-05
2019-04-29,Switzerland FIR,0.0
2019-04-30,European Airspace,0.000395
2019-04-30,Global,0.002705
2019-04-30,London FIR,2.1e-05
2019-04-30,Paris FIR,3e-06
2019-04-30,Shanwick FIR,0.0
2019-04-30,Switzerland FIR,0.0
2019-05-01,European Airspace,0.000433
2019-05-01,Global,0.002615
2019-05-01,London FIR,-4e-06
2019-05-01,Paris FIR,4.4e-05
2019-05-01,Shanwick FIR,1.5e-05
2019-05-01,Switzerland FIR,0.0
2019-05-02,European Airspace,0.000477
2019-05-02,Global,0.002306
2019-05-02,London FIR,-6e-06
2019-05-02,Paris FIR,-2e-06
2019-05-02,Shanwick FIR,0.000243
2019-05-02,Switzerland FIR,-3e-06
2019-05-03,European Airspace,0.000446
2019-05-03,Global,0.002723
2019-05-03,London FIR,3e-06
2019-05-03,Paris FIR,0.0
2019-05-03,Shanwick FIR,0.000278
2019-05-03,Switzerland FIR,0.0
2019-05-04,European Airspace,0.000617
2019-05-04,Global,0.002688
2019-05-04,London FIR,-0.0
2019-05-04,Paris FIR,0.0
2019-05-04,Shanwick FIR,0.000163
2019-05-04,Switzerland FIR,-0.0
2019-05-05,European Airspace,0.000388
2019-05-05,Global,0.002228
2019-05-05,London FIR,1e-06
2019-05-05,Paris FIR,0.0
2019-05-05,Shanwick FIR,0.000168
2019-05-05,Switzerland FIR,-0.0
2019-05-06,European Airspace,0.000264
2019-05-06,Global,0.001742
2019-05-06,London FIR,0.0
2019-05-06,Paris FIR,5.4e-05
2019-05-06,Shanwick FIR,-2.7e-05
2019-05-06,Switzerland FIR,0.0
2019-05-07,European Airspace,0.000496
2019-05-07,Global,0.002431
2019-05-07,London FIR,3.2e-05
2019-05-07,Paris FIR,2.5e-05
2019-05-07,Shanwick FIR,4e-06
2019-05-07,Switzerland FIR,5e-06
2019-05-08,European Airspace,0.001138
2019-05-08,Global,0.002762
2019-05-08,London FIR,1e-06
2019-05-08,Paris FIR,4e-06
2019-05-08,Shanwick FIR,4e-06
2019-05-08,Switzerland FIR,9e-06
2019-05-09,Global,0.0
2019-05-10,European Airspace,0.000187
2019-05-10,Global,0.001711
2019-05-10,London FIR,0.0
2019-05-10,Paris FIR,3.7e-05
2019-05-10,Shanwick FIR,-7e-06
2019-05-10,Switzerland FIR,2e-06
2019-05-11,European Airspace,0.000351
2019-05-11,Global,0.001816
2019-05-11,London FIR,0.0
2019-05-11,Paris FIR,-0.0
2019-05-11,Shanwick FIR,5.6e-05
2019-05-11,Switzerland FIR,1e-06
2019-05-12,European Airspace,0.000617
2019-05-12,Global,0.001783
2019-05-12,London FIR,2.3e-05
2019-05-12,Paris FIR,2e-06
2019-05-12,Shanwick FIR,0.00021
2019-05-12,Switzerland FIR,0.0
2019-05-13,European Airspace,2.2e-05
2019-05-13,Global,0.001182
2019-05-13,London FIR,-2.4e-05
2019-05-13,Paris FIR,-0.0
2019-05-13,Shanwick FIR,-9.2e-05
2019-05-13,Switzerland FIR,0.0
2019-05-14,European Airspace,0.000137
2019-05-14,Global,0.001353
2019-05-14,London FIR,-3.4e-05
2019-05-14,Paris FIR,-0.0
2019-05-14,Shanwick FIR,-5.8e-05
2019-05-14,Switzerland FIR,1e-06
2019-05-15,European Airspace,0.000224
2019-05-15,Global,0.001694
2019-05-15,London FIR,-3.4e-05
2019-05-15,Paris FIR,1.2e-05
2019-05-15,Shanwick FIR,-1.6e-05
2019-05-15,Switzerland FIR,0.0
2019-05-16,European Airspace,9.3e-05
2019-05-16,Global,0.001641
2019-05-16,London FIR,-2.8e-05
2019-05-16,Paris FIR,2e-06
2019-05-16,Shanwick FIR,4e-06
2019-05-16,Switzerland FIR,0.0
2019-05-17,European Airspace,0.000476
2019-05-17,Global,0.002188
2019-05-17,London FIR,1.3e-05
2019-05-17,Paris FIR,3.1e-05
2019-05-17,Shanwick FIR,7e-06
2019-05-17,Switzerland FIR,3e-06
2019-05-18,European Airspace,0.000508
2019-05-18,Global,0.001905
2019-05-18,London FIR,1e-06
2019-05-18,Paris FIR,1.2e-05
2019-05-18,Shanwick FIR,6e-06
2019-05-18,Switzerland FIR,-5e-06
2019-05-19,European Airspace,0.000351
2019-05-19,Global,0.001843
2019-05-19,London FIR,-9e-06
2019-05-19,Paris FIR,3e-06
2019-05-19,Shanwick FIR,-4e-06
2019-05-19,Switzerland FIR,2e-06
2019-05-20,European Airspace,0.000353
2019-05-20,Global,0.001454
2019-05-20,London FIR,-3e-06
2019-05-20,Paris FIR,2e-06
2019-05-20,Shanwick FIR,1e-06
2019-05-20,Switzerland FIR,1.6e-05
2019-05-21,European Airspace,0.000525
2019-05-21,Global,0.001947
2019-05-21,London FIR,1.7e-05
2019-05-21,Paris FIR,4e-06
2019-05-21,Shanwick FIR,0.000146
2019-05-21,Switzerland FIR,1.4e-05
2019-05-22,European Airspace,0.000532
2019-05-22,Global,0.001905
2019-05-22,London FIR,-8.9e-05
2019-05-22,Paris FIR,2.9e-05
2019-05-22,Shanwick FIR,2.9e-05
2019-05-22,Switzerland FIR,0.0
2019-05-23,European Airspace,0.000701
2019-05-23,Global,0.002225
2019-05-23,London FIR,-4e-06
2019-05-23,Paris FIR,5e-06
2019-05-23,Shanwick FIR,8.8e-05
2019-05-23,Switzerland FIR,2.4e-05
2019-05-24,European Airspace,0.00074
2019-05-24,Global,0.001965
2019-05-24,London FIR,-5e-06
2019-05-24,Paris FIR,2e-06
2019-05-24,Shanwick FIR,4.5e-05
2019-05-24,Switzerland FIR,2e-06
2019-05-25,European Airspace,0.000434
2019-05-25,Global,0.001862
2019-05-25,London FIR,9e-06
2019-05-25,Paris FIR,1e-06
2019-05-25,Shanwick FIR,9.4e-05
2019-05-25,Switzerland FIR,-0.0
2019-05-26,European Airspace,0.001184
2019-05-26,Global,0.002331
2019-05-26,London FIR,4.8e-05
2019-05-26,Paris FIR,5.9e-05
2019-05-26,Shanwick FIR,4.9e-05
2019-05-26,Switzerland FIR,0.0
2019-05-27,European Airspace,0.001209
2019-05-27,Global,0.002588
2019-05-27,London FIR,-2.1e-05
2019-05-27,Paris FIR,4.6e-05
2019-05-27,Shanwick FIR,4.8e-05
2019-05-27,Switzerland FIR,7.6e-05
2019-05-28,European Airspace,0.000446
2019-05-28,Global,0.001704
2019-05-28,London FIR,5e-06
2019-05-28,Paris FIR,0.0
2019-05-28,Shanwick FIR,0.000208
2019-05-28,Switzerland FIR,2e-06
2019-05-29,European Airspace,0.001103
2019-05-29,Global,0.002214
2019-05-29,London FIR,0.000192
2019-05-29,Paris FIR,3.3e-05
2019-05-29,Shanwick FIR,0.000325
2019-05-29,Switzerland FIR,0.0
2019-05-30,European Airspace,0.000908
2019-05-30,Global,0.001996
2019-05-30,London FIR,0.000143
2019-05-30,Paris FIR,2.6e-05
2019-05-30,Shanwick FIR,0.000165
2019-05-30,Switzerland FIR,0.0
2019-05-31,European Airspace,0.000726
2019-05-31,Global,0.001835
2019-05-31,London FIR,0.000111
2019-05-31,Paris FIR,3e-05
2019-05-31,Shanwick FIR,1.8e-05
2019-05-31,Switzerland FIR,0.0
2019-06-01,European Airspace,0.000384
2019-06-01,Global,0.001568
2019-06-01,London FIR,-3.2e-05
2019-06-01,Paris FIR,1.5e-05
2019-06-01,Shanwick FIR,1.2e-05
2019-06-01,Switzerland FIR,7e-06
2019-06-02,European Airspace,2.5e-05
2019-06-02,Global,0.001288
2019-06-02,London FIR,-0.000182
2019-06-02,Paris FIR,3.7e-05
2019-06-02,Shanwick FIR,4e-06
2019-06-02,Switzerland FIR,-0.0
2019-06-03,European Airspace,0.000192
2019-06-03,Global,0.001535
2019-06-03,London FIR,2e-06
2019-06-03,Paris FIR,-5e-06
2019-06-03,Shanwick FIR,-0.0
2019-06-03,Switzerland FIR,8e-06
2019-06-04,European Airspace,0.000564
2019-06-04,Global,0.001918
2019-06-04,London FIR,-2e-06
2019-06-04,Paris FIR,0.000124
2019-06-04,Shanwick FIR,2e-06
2019-06-04,Switzerland FIR,0.0
2019-06-05,European Airspace,0.000117
2019-06-05,Global,0.001522
2019-06-05,London FIR,-4e-06
2019-06-05,Paris FIR,4e-06
2019-06-05,Shanwick FIR,2e-06
2019-06-05,Switzerland FIR,0.0
2019-06-06,European Airspace,0.00012
2019-06-06,Global,0.001694
2019-06-06,London FIR,0.0
2019-06-06,Paris FIR,1.7e-05
2019-06-06,Shanwick FIR,2e-06
2019-06-06,Switzerland FIR,2e-06
2019-06-07,European Airspace,-4.9e-05
2019-06-07,Global,0.001878
2019-06-07,London FIR,-1.1e-05
2019-06-07,Paris FIR,-1e-06
2019-06-07,Shanwick FIR,1e-06
2019-06-07,Switzerland FIR,-0.0
2019-06-08,European Airspace,9.2e-05
2019-06-08,Global,0.001702
2019-06-08,London FIR,0.0
2019-06-08,Paris FIR,2e-05
2019-06-08,Shanwick FIR,1e-05
2019-06-08,Switzerland FIR,-0.0
2019-06-09,European Airspace,0.000358
2019-06-09,Global,0.001987
2019-06-09,London FIR,-3e-06
2019-06-09,Paris FIR,4e-06
2019-06-09,Shanwick FIR,0.000127
2019-06-09,Switzerland FIR,-3e-06
2019-06-10,European Airspace,0.000281
2019-06-10,Global,0.001916
2019-06-10,London FIR,-0.0
2019-06-10,Paris FIR,0.0
2019-06-10,Shanwick FIR,6.1e-05
2019-06-10,Switzerland FIR,5e-06
2019-06-11,European Airspace,0.000446
2019-06-11,Global,0.001947
2019-06-11,London FIR,4e-06
2019-06-11,Paris FIR,-0.0
2019-06-11,Shanwick FIR,0.00018
2019-06-11,Switzerland FIR,1e-06
2019-06-12,European Airspace,0.000206
2019-06-12,Global,0.001473
2019-06-12,London FIR,1e-06
2019-06-12,Paris FIR,0.0
2019-06-12,Shanwick FIR,5.6e-05
2019-06-12,Switzerland FIR,0.0
2019-06-13,European Airspace,0.00016
2019-06-13,Global,0.001694
2019-06-13,London FIR,4e-06
2019-06-13,Paris FIR,0.0
2019-06-13,Shanwick FIR,7.2e-05
2019-06-13,Switzerland FIR,0.0
2019-06-14,European Airspace,0.000208
2019-06-14,Global,0.0016
2019-06-14,London FIR,1e-06
2019-06-14,Paris FIR,3e-06
2019-06-14,Shanwick FIR,8.1e-05
2019-06-14,Switzerland FIR,-1.3e-05
2019-06-15,European Airspace,0.000239
2019-06-15,Global,0.001756
2019-06-15,London FIR,-1e-06
2019-06-15,Paris FIR,0.0
2019-06-15,Shanwick FIR,3.4e-05
2019-06-15,Switzerland FIR,-1e-06
2019-06-16,European Airspace,0.000318
2019-06-16,Global,0.001727
2019-06-16,London FIR,1e-06
2019-06-16,Paris FIR,2e-06
2019-06-16,Shanwick FIR,4e-06
2019-06-16,Switzerland FIR,0.0
2019-06-17,European Airspace,0.000766
2019-06-17,Global,0.002551
2019-06-17,London FIR,4e-06
2019-06-17,Paris FIR,6.4e-05
2019-06-17,Shanwick FIR,1.4e-05
2019-06-17,Switzerland FIR,0.0
2019-06-18,European Airspace,0.000412
2019-06-18,Global,0.00191
2019-06-18,London FIR,-4.5e-05
2019-06-18,Paris FIR,-1e-05
2019-06-18,Shanwick FIR,1.1e-05
2019-06-18,Switzerland FIR,-1e-06
2019-06-19,European Airspace,0.000411
2019-06-19,Global,0.00199
2019-06-19,London FIR,0.0
2019-06-19,Paris FIR,4e-06
2019-06-19,Shanwick FIR,8.7e-05
2019-06-19,Switzerland FIR,2.3e-05
2019-06-20,Global,0.0
2019-06-21,European Airspace,0.000295
2019-06-21,Global,0.001495
2019-06-21,London FIR,3e-06
2019-06-21,Paris FIR,9e-06
2019-06-21,Shanwick FIR,1.2e-05
2019-06-21,Switzerland FIR,1.7e-05
2019-06-22,European Airspace,0.000924
2019-06-22,Global,0.002018
2019-06-22,London FIR,4.9e-05
2019-06-22,Paris FIR,2e-06
2019-06-22,Shanwick FIR,-1.9e-05
2019-06-22,Switzerland FIR,-5e-06
2019-06-23,European Airspace,0.001068
2019-06-23,Global,0.002282
2019-06-23,London FIR,-2.3e-05
2019-06-23,Paris FIR,0.00011
2019-06-23,Shanwick FIR,3e-06
2019-06-23,Switzerland FIR,4e-06
2019-06-24,European Airspace,0.000774
2019-06-24,Global,0.002065
2019-06-24,London FIR,-5.3e-05
2019-06-24,Paris FIR,9.8e-05
2019-06-24,Shanwick FIR,9e-06
2019-06-24,Switzerland FIR,2.1e-05
2019-06-25,European Airspace,0.000505
2019-06-25,Global,0.001791
2019-06-25,London FIR,-7e-06
2019-06-25,Paris FIR,4e-06
2019-06-25,Shanwick FIR,-3e-06
2019-06-25,Switzerland FIR,1e-06
2019-06-26,European Airspace,6.4e-05
2019-06-26,Global,0.001413
2019-06-26,London FIR,-0.0
2019-06-26,Paris FIR,0.0
2019-06-26,Shanwick FIR,1e-05
2019-06-26,Switzerland FIR,-0.0
2019-06-27,European Airspace,5.4e-05
2019-06-27,Global,0.001802
2019-06-27,London FIR,-1e-06
2019-06-27,Paris FIR,0.0
2019-06-27,Shanwick FIR,2.8e-05
2019-06-27,Switzerland FIR,0.0
2019-06-28,European Airspace,6.7e-05
2019-06-28,Global,0.001323
2019-06-28,London FIR,0.0
2019-06-28,Paris FIR,1e-06
2019-06-28,Shanwick FIR,2e-05
2019-06-28,Switzerland FIR,0.0
2019-06-29,European Airspace,2.9e-05
2019-06-29,Global,0.001499
2019-06-29,London FIR,-0.0
2019-06-29,Paris FIR,0.0
2019-06-29,Shanwick FIR,1e-06
2019-06-29,Switzerland FIR,0.0
2019-06-30,European Airspace,2.4e-05
2019-06-30,Global,0.001552
2019-06-30,London FIR,0.0
2019-06-30,Paris FIR,0.0
2019-06-30,Shanwick FIR,1.7e-05
2019-06-30,Switzerland FIR,2e-06
2019-07-01,Global,0.0
2019-07-02,European Airspace,9.7e-05
2019-07-02,Global,0.001391
2019-07-02,London FIR,2e-06
2019-07-02,Paris FIR,4e-06
2019-07-02,Shanwick FIR,3.4e-05
2019-07-02,Switzerland FIR,0.0
2019-07-03,European Airspace,0.000214
2019-07-03,Global,0.001519
2019-07-03,London FIR,-0.0
2019-07-03,Paris FIR,0.0
2019-07-03,Shanwick FIR,0.000128
2019-07-03,Switzerland FIR,-1e-06
2019-07-04,European Airspace,0.000201
2019-07-04,Global,0.001167
2019-07-04,London FIR,-6e-06
2019-07-04,Paris FIR,1e-06
2019-07-04,Shanwick FIR,7.2e-05
2019-07-04,Switzerland FIR,0.0
2019-07-05,European Airspace,0.000112
2019-07-05,Global,0.001141
2019-07-05,London FIR,-0.0
2019-07-05,Paris FIR,-0.0
2019-07-05,Shanwick FIR,7.1e-05
2019-07-05,Switzerland FIR,0.0
2019-07-06,European Airspace,0.000197
2019-07-06,Global,0.001276
2019-07-06,London FIR,4e-06
2019-07-06,Paris FIR,5e-06
2019-07-06,Shanwick FIR,0.000147
2019-07-06,Switzerland FIR,-2e-06
2019-07-07,European Airspace,0.00057
2019-07-07,Global,0.001809
2019-07-07,London FIR,5.6e-05
2019-07-07,Paris FIR,2.3e-05
2019-07-07,Shanwick FIR,0.000307
2019-07-07,Switzerland FIR,0.0
2019-07-08,European Airspace,0.000481
2019-07-08,Global,0.001666
2019-07-08,London FIR,7.2e-05
2019-07-08,Paris FIR,8e-06
2019-07-08,Shanwick FIR,0.000172
2019-07-08,Switzerland FIR,7e-06
2019-07-09,European Airspace,0.000303
2019-07-09,Global,0.001417
2019-07-09,London FIR,7.6e-05
2019-07-09,Paris FIR,-2e-06
2019-07-09,Shanwick FIR,3.2e-05
2019-07-09,Switzerland FIR,2e-06
2019-07-10,European Airspace,0.000259
2019-07-10,Global,0.001214
2019-07-10,London FIR,3e-06
2019-07-10,Paris FIR,3.6e-05
2019-07-10,Shanwick FIR,5e-06
2019-07-10,Switzerland FIR,2e-06
2019-07-11,European Airspace,6.4e-05
2019-07-11,Global,0.001232
2019-07-11,London FIR,0.0
2019-07-11,Paris FIR,-4e-06
2019-07-11,Shanwick FIR,6e-06
2019-07-11,Switzerland FIR,-1.3e-05
2019-07-12,European Airspace,0.000258
2019-07-12,Global,0.001392
2019-07-12,London FIR,7e-06
2019-07-12,Paris FIR,0.0
2019-07-12,Shanwick FIR,5.7e-05
2019-07-12,Switzerland FIR,-0.0
2019-07-13,European Airspace,0.000397
2019-07-13,Global,0.001354
2019-07-13,London FIR,3.4e-05
2019-07-13,Paris FIR,1e-05
2019-07-13,Shanwick FIR,0.00015
2019-07-13,Switzerland FIR,0.0
2019-07-14,European Airspace,0.000267
2019-07-14,Global,0.001265
2019-07-14,London FIR,3e-06
2019-07-14,Paris FIR,0.0
2019-07-14,Shanwick FIR,9.6e-05
2019-07-14,Switzerland FIR,0.0
2019-07-15,European Airspace,0.00033
2019-07-15,Global,0.001472
2019-07-15,London FIR,4.4e-05
2019-07-15,Paris FIR,-0.0
2019-07-15,Shanwick FIR,6e-06
2019-07-15,Switzerland FIR,0.0
2019-07-16,European Airspace,0.000483
2019-07-16,Global,0.00192
2019-07-16,London FIR,9e-06
2019-07-16,Paris FIR,-2e-06
2019-07-16,Shanwick FIR,3.1e-05
2019-07-16,Switzerland FIR,2.3e-05
2019-07-17,European Airspace,0.00083
2019-07-17,Global,0.001975
2019-07-17,London FIR,-4.2e-05
2019-07-17,Paris FIR,7e-05
2019-07-17,Shanwick FIR,3.7e-05
2019-07-17,Switzerland FIR,1.2e-05
2019-07-18,European Airspace,0.000894
2019-07-18,Global,0.001944
2019-07-18,London FIR,7.5e-05
2019-07-18,Paris FIR,0.000136
2019-07-18,Shanwick FIR,5.5e-05
2019-07-18,Switzerland FIR,2.1e-05
2019-07-19,European Airspace,0.000753
2019-07-19,Global,0.001942
2019-07-19,London FIR,4.3e-05
2019-07-19,Paris FIR,0.000224
2019-07-19,Shanwick FIR,5e-06
2019-07-19,Switzerland FIR,2e-06
2019-07-20,European Airspace,0.00077
2019-07-20,Global,0.001777
2019-07-20,London FIR,2e-06
2019-07-20,Paris FIR,6.5e-05
2019-07-20,Shanwick FIR,2.6e-05
2019-07-20,Switzerland FIR,6e-05
2019-07-21,European Airspace,0.000691
2019-07-21,Global,0.001535
2019-07-21,London FIR,1.3e-05
2019-07-21,Paris FIR,3.4e-05
2019-07-21,Shanwick FIR,7.7e-05
2019-07-21,Switzerland FIR,4e-06
2019-07-22,European Airspace,0.000378
2019-07-22,Global,0.001423
2019-07-22,London FIR,1e-06
2019-07-22,Paris FIR,2.7e-05
2019-07-22,Shanwick FIR,8e-06
2019-07-22,Switzerland FIR,2.1e-05
2019-07-23,European Airspace,0.000105
2019-07-23,Global,0.001123
2019-07-23,London FIR,0.0
2019-07-23,Paris FIR,1e-06
2019-07-23,Shanwick FIR,2.6e-05
2019-07-23,Switzerland FIR,4e-06
2019-07-24,European Airspace,9.9e-05
2019-07-24,Global,0.00131
2019-07-24,London FIR,3.4e-05
2019-07-24,Paris FIR,-1e-06
2019-07-24,Shanwick FIR,0.0
2019-07-24,Switzerland FIR,9e-06
2019-07-25,European Airspace,0.000183
2019-07-25,Global,0.001354
2019-07-25,London FIR,2e-06
2019-07-25,Paris FIR,4e-06
2019-07-25,Shanwick FIR,2e-06
2019-07-25,Switzerland FIR,3.1e-05
2019-07-26,European Airspace,0.000157
2019-07-26,Global,0.001291
2019-07-26,London FIR,1.1e-05
2019-07-26,Paris FIR,2.6e-05
2019-07-26,Shanwick FIR,3e-06
2019-07-26,Switzerland FIR,9e-06
2019-07-27,European Airspace,9.3e-05
2019-07-27,Global,0.001137
2019-07-27,London FIR,1.4e-05
2019-07-27,Paris FIR,4e-06
2019-07-27,Shanwick FIR,-4e-06
2019-07-27,Switzerland FIR,1e-05
2019-07-28,European Airspace,0.000341
2019-07-28,Global,0.002188
2019-07-28,London FIR,1.4e-05
2019-07-28,Paris FIR,1.2e-05
2019-07-28,Shanwick FIR,1.9e-05
2019-07-28,Switzerland FIR,1.7e-05
2019-07-29,European Airspace,0.000157
2019-07-29,Global,0.001355
2019-07-29,London FIR,0.0
2019-07-29,Paris FIR,0.0
2019-07-29,Shanwick FIR,3.7e-05
2019-07-29,Switzerland FIR,0.0
2019-07-30,European Airspace,9.3e-05
2019-07-30,Global,0.001353
2019-07-30,London FIR,0.0
2019-07-30,Paris FIR,0.0
2019-07-30,Shanwick FIR,3.8e-05
2019-07-30,Switzerland FIR,0.0
2019-07-31,European Airspace,0.000163
2019-07-31,Global,0.001417
2019-07-31,London FIR,3e-06
2019-07-31,Paris FIR,2e-06
2019-07-31,Shanwick FIR,9.3e-05
2019-07-31,Switzerland FIR,0.0
2019-08-01,European Airspace,0.000141
2019-08-01,Global,0.001482
2019-08-01,London FIR,0.0
2019-08-01,Paris FIR,2.6e-05
2019-08-01,Shanwick FIR,2.5e-05
2019-08-01,Switzerland FIR,3e-06
2019-08-02,European Airspace,0.00013
2019-08-02,Global,0.001543
2019-08-02,London FIR,-0.0
2019-08-02,Paris FIR,0.0
2019-08-02,Shanwick FIR,-5.6e-05
2019-08-02,Switzerland FIR,0.0
2019-08-03,European Airspace,0.000159
2019-08-03,Global,0.001653
2019-08-03,London FIR,6e-06
2019-08-03,Paris FIR,-7e-06
2019-08-03,Shanwick FIR,7.3e-05
2019-08-03,Switzerland FIR,1.1e-05
2019-08-04,European Airspace,0.000337
2019-08-04,Global,0.002164
2019-08-04,London FIR,-6.5e-05
2019-08-04,Paris FIR,1.3e-05
2019-08-04,Shanwick FIR,5.8e-05
2019-08-04,Switzerland FIR,1.2e-05
2019-08-05,European Airspace,0.000765
2019-08-05,Global,0.002336
2019-08-05,London FIR,2e-05
2019-08-05,Paris FIR,0.000135
2019-08-05,Shanwick FIR,3.1e-05
2019-08-05,Switzerland FIR,1e-06
2019-08-06,European Airspace,0.000898
2019-08-06,Global,0.002293
2019-08-06,London FIR,2e-06
2019-08-06,Paris FIR,7e-05
2019-08-06,Shanwick FIR,7e-06
2019-08-06,Switzerland FIR,3.1e-05
2019-08-07,European Airspace,0.00096
2019-08-07,Global,0.002583
2019-08-07,London FIR,1e-06
2019-08-07,Paris FIR,4e-05
2019-08-07,Shanwick FIR,2.7e-05
2019-08-07,Switzerland FIR,2e-06
2019-08-08,European Airspace,0.000713
2019-08-08,Global,0.002214
2019-08-08,London FIR,6.7e-05
2019-08-08,Paris FIR,1.9e-05
2019-08-08,Shanwick FIR,3.7e-05
2019-08-08,Switzerland FIR,5e-06
2019-08-09,European Airspace,0.00027
2019-08-09,Global,0.001874
2019-08-09,London FIR,8e-06
2019-08-09,Paris FIR,-2.5e-05
2019-08-09,Shanwick FIR,3e-05
2019-08-09,Switzerland FIR,1.2e-05
2019-08-10,European Airspace,0.000198
2019-08-10,Global,0.00145
2019-08-10,London FIR,1e-06
2019-08-10,Paris FIR,2e-06
2019-08-10,Shanwick FIR,-1.5e-05
2019-08-10,Switzerland FIR,5e-06
2019-08-11,European Airspace,0.000129
2019-08-11,Global,0.00133
2019-08-11,London FIR,2e-06
2019-08-11,Paris FIR,-0.0
2019-08-11,Shanwick FIR,-4e-06
2019-08-11,Switzerland FIR,1.1e-05
2019-08-12,European Airspace,0.000264
2019-08-12,Global,0.001787
2019-08-12,London FIR,0.0
2019-08-12,Paris FIR,-0.0
2019-08-12,Shanwick FIR,0.000109
2019-08-12,Switzerland FIR,0.0
2019-08-13,European Airspace,0.000261
2019-08-13,Global,0.001435
2019-08-13,London FIR,3e-06
2019-08-13,Paris FIR,0.0
2019-08-13,Shanwick FIR,0.000161
2019-08-13,Switzerland FIR,-3e-06
2019-08-14,European Airspace,0.000219
2019-08-14,Global,0.001312
2019-08-14,London FIR,1.9e-05
2019-08-14,Paris FIR,1.9e-05
2019-08-14,Shanwick FIR,3.9e-05
2019-08-14,Switzerland FIR,-0.0
2019-08-15,European Airspace,0.000212
2019-08-15,Global,0.00184
2019-08-15,London FIR,2.4e-05
2019-08-15,Paris FIR,1.1e-05
2019-08-15,Shanwick FIR,5.6e-05
2019-08-15,Switzerland FIR,0.0
2019-08-16,European Airspace,0.000307
2019-08-16,Global,0.001769
2019-08-16,London FIR,-5e-06
2019-08-16,Paris FIR,-7e-06
2019-08-16,Shanwick FIR,3.6e-05
2019-08-16,Switzerland FIR,3e-06
2019-08-17,European Airspace,0.000559
2019-08-17,Global,0.00209
2019-08-17,London FIR,3e-06
2019-08-17,Paris FIR,8.8e-05
2019-08-17,Shanwick FIR,5e-06
2019-08-17,Switzerland FIR,1.2e-05
2019-08-18,European Airspace,6.4e-05
2019-08-18,Global,0.001537
2019-08-18,London FIR,0.0
2019-08-18,Paris FIR,-0.0
2019-08-18,Shanwick FIR,1e-06
2019-08-18,Switzerland FIR,0.0
2019-08-19,European Airspace,0.000488
2019-08-19,Global,0.001707
2019-08-19,London FIR,0.0
2019-08-19,Paris FIR,1.3e-05
2019-08-19,Shanwick FIR,8.4e-05
2019-08-19,Switzerland FIR,1.6e-05
2019-08-20,European Airspace,0.0005
2019-08-20,Global,0.001856
2019-08-20,London FIR,1e-06
2019-08-20,Paris FIR,-1.4e-05
2019-08-20,Shanwick FIR,3.7e-05
2019-08-20,Switzerland FIR,2.4e-05
2019-08-21,European Airspace,0.000486
2019-08-21,Global,0.001827
2019-08-21,London FIR,5.1e-05
2019-08-21,Paris FIR,-1e-06
2019-08-21,Shanwick FIR,6.8e-05
2019-08-21,Switzerland FIR,2e-05
2019-08-22,European Airspace,0.000559
2019-08-22,Global,0.002307
2019-08-22,London FIR,0.000112
2019-08-22,Paris FIR,-4e-06
2019-08-22,Shanwick FIR,0.000116
2019-08-22,Switzerland FIR,0.0
2019-08-23,European Airspace,0.000622
2019-08-23,Global,0.002709
2019-08-23,London FIR,2.2e-05
2019-08-23,Paris FIR,-3e-06
2019-08-23,Shanwick FIR,7.2e-05
2019-08-23,Switzerland FIR,-0.0
2019-08-24,European Airspace,0.000242
2019-08-24,Global,0.002266
2019-08-24,London FIR,-2.3e-05
2019-08-24,Paris FIR,2.4e-05
2019-08-24,Shanwick FIR,-3e-06
2019-08-24,Switzerland FIR,0.0
2019-08-25,European Airspace,0.000365
2019-08-25,Global,0.00198
2019-08-25,London FIR,0.0
2019-08-25,Paris FIR,0.0
2019-08-25,Shanwick FIR,0.000223
2019-08-25,Switzerland FIR,-0.0
2019-08-26,European Airspace,0.00033
2019-08-26,Global,0.001922
2019-08-26,London FIR,-0.0
2019-08-26,Paris FIR,0.0
2019-08-26,Shanwick FIR,6.5e-05
2019-08-26,Switzerland FIR,0.0
2019-08-27,European Airspace,0.000349
2019-08-27,Global,0.001957
2019-08-27,London FIR,1.7e-05
2019-08-27,Paris FIR,-1.1e-05
2019-08-27,Shanwick FIR,1.7e-05
2019-08-27,Switzerland FIR,1.3e-05
2019-08-28,European Airspace,0.000473
2019-08-28,Global,0.001905
2019-08-28,London FIR,-1.5e-05
2019-08-28,Paris FIR,-8.3e-05
2019-08-28,Shanwick FIR,2.3e-05
2019-08-28,Switzerland FIR,2.7e-05
2019-08-29,European Airspace,0.00063
2019-08-29,Global,0.001885
2019-08-29,London FIR,0.0001
2019-08-29,Paris FIR,0.0
2019-08-29,Shanwick FIR,0.0002
2019-08-29,Switzerland FIR,-0.0
2019-08-30,European Airspace,0.000346
2019-08-30,Global,0.001338
2019-08-30,London FIR,-1.5e-05
2019-08-30,Paris FIR,-4e-06
2019-08-30,Shanwick FIR,4.8e-05
2019-08-30,Switzerland FIR,1e-06
2019-08-31,European Airspace,0.000612
2019-08-31,Global,0.001625
2019-08-31,London FIR,4e-06
2019-08-31,Paris FIR,0.000155
2019-08-31,Shanwick FIR,3e-05
2019-08-31,Switzerland FIR,4e-06
2019-09-01,European Airspace,0.000256
2019-09-01,Global,0.001717
2019-09-01,London FIR,1e-06
2019-09-01,Paris FIR,6e-06
2019-09-01,Shanwick FIR,2e-05
2019-09-01,Switzerland FIR,8e-06
2019-09-02,European Airspace,0.000453
2019-09-02,Global,0.001981
2019-09-02,London FIR,0.0
2019-09-02,Paris FIR,1.4e-05
2019-09-02,Shanwick FIR,5.6e-05
2019-09-02,Switzerland FIR,0.0
2019-09-03,European Airspace,0.000441
2019-09-03,Global,0.002237
2019-09-03,London FIR,2.7e-05
2019-09-03,Paris FIR,1e-05
2019-09-03,Shanwick FIR,2.4e-05
2019-09-03,Switzerland FIR,2e-06
2019-09-04,European Airspace,0.000166
2019-09-04,Global,0.001483
2019-09-04,London FIR,1e-06
2019-09-04,Paris FIR,0.0
2019-09-04,Shanwick FIR,2.6e-05
2019-09-04,Switzerland FIR,0.0
2019-09-05,European Airspace,0.000434
2019-09-05,Global,0.001945
2019-09-05,London FIR,1.9e-05
2019-09-05,Paris FIR,-0.0
2019-09-05,Shanwick FIR,0.000268
2019-09-05,Switzerland FIR,1e-06
2019-09-06,European Airspace,0.001094
2019-09-06,Global,0.002452
2019-09-06,London FIR,-1.2e-05
2019-09-06,Paris FIR,5e-05
2019-09-06,Shanwick FIR,0.000227
2019-09-06,Switzerland FIR,1.1e-05
2019-09-07,European Airspace,0.001282
2019-09-07,Global,0.002906
2019-09-07,London FIR,-0.0
2019-09-07,Paris FIR,2e-06
2019-09-07,Shanwick FIR,0.000269
2019-09-07,Switzerland FIR,1e-06
2019-09-08,European Airspace,0.000849
2019-09-08,Global,0.002618
2019-09-08,London FIR,1.3e-05
2019-09-08,Paris FIR,1e-06
2019-09-08,Shanwick FIR,0.000235
2019-09-08,Switzerland FIR,0.0
2019-09-09,European Airspace,0.000496
2019-09-09,Global,0.002005
2019-09-09,London FIR,-5e-06
2019-09-09,Paris FIR,-1.3e-05
2019-09-09,Shanwick FIR,3.4e-05
2019-09-09,Switzerland FIR,1.3e-05
2019-09-10,European Airspace,0.000603
2019-09-10,Global,0.00184
2019-09-10,London FIR,7e-06
2019-09-10,Paris FIR,0.0
2019-09-10,Shanwick FIR,4.8e-05
2019-09-10,Switzerland FIR,1.3e-05
2019-09-11,European Airspace,0.000364
2019-09-11,Global,0.001755
2019-09-11,London FIR,1.9e-05
2019-09-11,Paris FIR,-1.3e-05
2019-09-11,Shanwick FIR,5e-06
2019-09-11,Switzerland FIR,0.0
2019-09-12,European Airspace,0.000141
2019-09-12,Global,0.001651
2019-09-12,London FIR,8e-06
2019-09-12,Paris FIR,8e-06
2019-09-12,Shanwick FIR,5e-06
2019-09-12,Switzerland FIR,0.0
2019-09-13,European Airspace,0.000325
2019-09-13,Global,0.002019
2019-09-13,London FIR,-3e-05
2019-09-13,Paris FIR,0.0
2019-09-13,Shanwick FIR,6.9e-05
2019-09-13,Switzerland FIR,0.0
2019-09-14,European Airspace,0.000762
2019-09-14,Global,0.002404
2019-09-14,London FIR,-2e-06
2019-09-14,Paris FIR,2.4e-05
2019-09-14,Shanwick FIR,0.000267
2019-09-14,Switzerland FIR,1.5e-05
2019-09-15,European Airspace,0.000855
2019-09-15,Global,0.002528
2019-09-15,London FIR,0.000137
2019-09-15,Paris FIR,1e-06
2019-09-15,Shanwick FIR,0.000113
2019-09-15,Switzerland FIR,0.0
2019-09-16,European Airspace,0.001407
2019-09-16,Global,0.002706
2019-09-16,London FIR,0.000273
2019-09-16,Paris FIR,4.9e-05
2019-09-16,Shanwick FIR,0.000225
2019-09-16,Switzerland FIR,1e-06
2019-09-17,European Airspace,0.000278
2019-09-17,Global,0.002005
2019-09-17,London FIR,2.6e-05
2019-09-17,Paris FIR,0.0
2019-09-17,Shanwick FIR,0.000117
2019-09-17,Switzerland FIR,1e-06
2019-09-18,European Airspace,0.000636
2019-09-18,Global,0.002224
2019-09-18,London FIR,1.7e-05
2019-09-18,Paris FIR,1e-06
2019-09-18,Shanwick FIR,0.000345
2019-09-18,Switzerland FIR,0.0
2019-09-19,European Airspace,0.000853
2019-09-19,Global,0.001868
2019-09-19,London FIR,6e-06
2019-09-19,Paris FIR,2e-06
2019-09-19,Shanwick FIR,0.000131
2019-09-19,Switzerland FIR,1e-06
2019-09-20,European Airspace,0.000603
2019-09-20,Global,0.00165
2019-09-20,London FIR,1e-05
2019-09-20,Paris FIR,1e-06
2019-09-20,Shanwick FIR,5.9e-05
2019-09-20,Switzerland FIR,-0.0
2019-09-21,European Airspace,0.000773
2019-09-21,Global,0.00202
2019-09-21,London FIR,4.5e-05
2019-09-21,Paris FIR,6e-05
2019-09-21,Shanwick FIR,3.1e-05
2019-09-21,Switzerland FIR,3.3e-05
2019-09-22,European Airspace,0.001614
2019-09-22,Global,0.002488
2019-09-22,London FIR,6e-05
2019-09-22,Paris FIR,0.000107
2019-09-22,Shanwick FIR,3.2e-05
2019-09-22,Switzerland FIR,4.4e-05
2019-09-23,European Airspace,0.001877
2019-09-23,Global,0.002827
2019-09-23,London FIR,2e-06
2019-09-23,Paris FIR,5.3e-05
2019-09-23,Shanwick FIR,1e-05
2019-09-23,Switzerland FIR,4e-06
2019-09-24,European Airspace,0.000541
2019-09-24,Global,0.001653
2019-09-24,London FIR,4e-06
2019-09-24,Paris FIR,-6e-06
2019-09-24,Shanwick FIR,2.8e-05
2019-09-24,Switzerland FIR,-5e-06
2019-09-25,European Airspace,0.001329
2019-09-25,Global,0.002477
2019-09-25,London FIR,1.8e-05
2019-09-25,Paris FIR,1.3e-05
2019-09-25,Shanwick FIR,6.5e-05
2019-09-25,Switzerland FIR,0.0
2019-09-26,European Airspace,0.00072
2019-09-26,Global,0.002261
2019-09-26,London FIR,2e-06
2019-09-26,Paris FIR,0.000103
2019-09-26,Shanwick FIR,2e-05
2019-09-26,Switzerland FIR,1.6e-05
2019-09-27,European Airspace,0.001073
2019-09-27,Global,0.002374
2019-09-27,London FIR,-0.0
2019-09-27,Paris FIR,4.5e-05
2019-09-27,Shanwick FIR,5.3e-05
2019-09-27,Switzerland FIR,2.3e-05
2019-09-28,European Airspace,0.001201
2019-09-28,Global,0.002396
2019-09-28,London FIR,4.3e-05
2019-09-28,Paris FIR,0.000232
2019-09-28,Shanwick FIR,5.2e-05
2019-09-28,Switzerland FIR,1.6e-05
2019-09-29,European Airspace,0.000628
2019-09-29,Global,0.002279
2019-09-29,London FIR,8e-06
2019-09-29,Paris FIR,1.9e-05
2019-09-29,Shanwick FIR,3.6e-05
2019-09-29,Switzerland FIR,2e-06
2019-09-30,European Airspace,0.000616
2019-09-30,Global,0.00291
2019-09-30,London FIR,9e-05
2019-09-30,Paris FIR,7.4e-05
2019-09-30,Shanwick FIR,3e-05
2019-09-30,Switzerland FIR,2e-06
2019-10-01,Global,0.0
2019-10-02,European Airspace,0.000499
2019-10-02,Global,0.002226
2019-10-02,London FIR,2.5e-05
2019-10-02,Paris FIR,0.0
2019-10-02,Shanwick FIR,9.1e-05
2019-10-02,Switzerland FIR,-0.0
2019-10-03,European Airspace,0.000274
2019-10-03,Global,0.002146
2019-10-03,London FIR,-6e-06
2019-10-03,Paris FIR,-1.8e-05
2019-10-03,Shanwick FIR,3.8e-05
2019-10-03,Switzerland FIR,-0.0
2019-10-04,European Airspace,0.000467
2019-10-04,Global,0.002486
2019-10-04,London FIR,1.6e-05
2019-10-04,Paris FIR,2.2e-05
2019-10-04,Shanwick FIR,6.8e-05
2019-10-04,Switzerland FIR,4e-06
2019-10-05,European Airspace,0.000374
2019-10-05,Global,0.002419
2019-10-05,London FIR,2.2e-05
2019-10-05,Paris FIR,1.7e-05
2019-10-05,Shanwick FIR,6e-06
2019-10-05,Switzerland FIR,2e-06
2019-10-06,European Airspace,0.000349
2019-10-06,Global,0.002686
2019-10-06,London FIR,6e-06
2019-10-06,Paris FIR,6e-06
2019-10-06,Shanwick FIR,1.3e-05
2019-10-06,Switzerland FIR,4e-06
2019-10-07,European Airspace,0.000383
2019-10-07,Global,0.002157
2019-10-07,London FIR,1e-06
2019-10-07,Paris FIR,3e-06
2019-10-07,Shanwick FIR,0.0
2019-10-07,Switzerland FIR,-0.0
2019-10-08,European Airspace,0.000182
2019-10-08,Global,0.002011
2019-10-08,London FIR,0.0
2019-10-08,Paris FIR,0.0
2019-10-08,Shanwick FIR,1e-06
2019-10-08,Switzerland FIR,4e-06
2019-10-09,European Airspace,0.000327
2019-10-09,Global,0.00244
2019-10-09,London FIR,4e-06
2019-10-09,Paris FIR,0.0
2019-10-09,Shanwick FIR,3.6e-05
2019-10-09,Switzerland FIR,1e-06
2019-10-10,European Airspace,0.000551
2019-10-10,Global,0.00249
2019-10-10,London FIR,3.8e-05
2019-10-10,Paris FIR,1e-05
2019-10-10,Shanwick FIR,6.2e-05
2019-10-10,Switzerland FIR,2e-06
2019-10-11,European Airspace,0.001815
2019-10-11,Global,0.003931
2019-10-11,London FIR,0.000234
2019-10-11,Paris FIR,6.7e-05
2019-10-11,Shanwick FIR,5.7e-05
2019-10-11,Switzerland FIR,9e-06
2019-10-12,European Airspace,0.001317
2019-10-12,Global,0.003286
2019-10-12,London FIR,0.000137
2019-10-12,Paris FIR,9.2e-05
2019-10-12,Shanwick FIR,1.7e-05
2019-10-12,Switzerland FIR,-0.0
2019-10-13,European Airspace,0.001131
2019-10-13,Global,0.003824
2019-10-13,London FIR,4.9e-05
2019-10-13,Paris FIR,2.6e-05
2019-10-13,Shanwick FIR,1e-05
2019-10-13,Switzerland FIR,-0.0
2019-10-14,European Airspace,0.000846
2019-10-14,Global,0.002489
2019-10-14,London FIR,-2.3e-05
2019-10-14,Paris FIR,7e-05
2019-10-14,Shanwick FIR,2.9e-05
2019-10-14,Switzerland FIR,1e-05
2019-10-15,European Airspace,0.00111
2019-10-15,Global,0.002609
2019-10-15,London FIR,1e-05
2019-10-15,Paris FIR,5e-06
2019-10-15,Shanwick FIR,3e-06
2019-10-15,Switzerland FIR,-2e-06
2019-10-16,European Airspace,0.000502
2019-10-16,Global,0.002198
2019-10-16,London FIR,4e-06
2019-10-16,Paris FIR,2.8e-05
2019-10-16,Shanwick FIR,0.0
2019-10-16,Switzerland FIR,9e-06
2019-10-17,European Airspace,0.000768
2019-10-17,Global,0.002521
2019-10-17,London FIR,0.0
2019-10-17,Paris FIR,1.2e-05
2019-10-17,Shanwick FIR,9e-06
2019-10-17,Switzerland FIR,2.5e-05
2019-10-18,European Airspace,0.001912
2019-10-18,Global,0.003426
2019-10-18,London FIR,3e-06
2019-10-18,Paris FIR,0.000136
2019-10-18,Shanwick FIR,3e-06
2019-10-18,Switzerland FIR,2.8e-05
2019-10-19,European Airspace,0.001051
2019-10-19,Global,0.002866
2019-10-19,London FIR,2e-06
2019-10-19,Paris FIR,-7e-06
2019-10-19,Shanwick FIR,7e-06
2019-10-19,Switzerland FIR,1.1e-05
2019-10-20,European Airspace,0.001109
2019-10-20,Global,0.003502
2019-10-20,London FIR,-0.0
2019-10-20,Paris FIR,1.7e-05
2019-10-20,Shanwick FIR,0.00013
2019-10-20,Switzerland FIR,3.6e-05
2019-10-21,European Airspace,0.001304
2019-10-21,Global,0.002886
2019-10-21,London FIR,-0.0
2019-10-21,Paris FIR,2e-06
2019-10-21,Shanwick FIR,0.000162
2019-10-21,Switzerland FIR,5.3e-05
2019-10-22,European Airspace,0.001375
2019-10-22,Global,0.00302
2019-10-22,London FIR,0.0
2019-10-22,Paris FIR,6.1e-05
2019-10-22,Shanwick FIR,2e-06
2019-10-22,Switzerland FIR,5.3e-05
2019-10-23,European Airspace,0.000825
2019-10-23,Global,0.002168
2019-10-23,London FIR,5.2e-05
2019-10-23,Paris FIR,7.1e-05
2019-10-23,Shanwick FIR,0.0
2019-10-23,Switzerland FIR,2.9e-05
2019-10-24,European Airspace,0.00111
2019-10-24,Global,0.002602
2019-10-24,London FIR,2.7e-05
2019-10-24,Paris FIR,1.3e-05
2019-10-24,Shanwick FIR,2e-05
2019-10-24,Switzerland FIR,6e-06
2019-10-25,European Airspace,0.002471
2019-10-25,Global,0.003943
2019-10-25,London FIR,0.000345
2019-10-25,Paris FIR,0.000329
2019-10-25,Shanwick FIR,0.000101
2019-10-25,Switzerland FIR,2e-06
2019-10-26,European Airspace,0.001917
2019-10-26,Global,0.003858
2019-10-26,London FIR,5.3e-05
2019-10-26,Paris FIR,0.000206
2019-10-26,Shanwick FIR,1.5e-05
2019-10-26,Switzerland FIR,0.0
2019-10-27,European Airspace,0.001026
2019-10-27,Global,0.002738
2019-10-27,London FIR,-3e-06
2019-10-27,Paris FIR,0.000119
2019-10-27,Shanwick FIR,4.3e-05
2019-10-27,Switzerland FIR,5.3e-05
2019-10-28,European Airspace,0.002305
2019-10-28,Global,0.00383
2019-10-28,London FIR,3.6e-05
2019-10-28,Paris FIR,0.000184
2019-10-28,Shanwick FIR,6e-05
2019-10-28,Switzerland FIR,6.8e-05
2019-10-29,European Airspace,0.001806
2019-10-29,Global,0.0041
2019-10-29,London FIR,1.2e-05
2019-10-29,Paris FIR,0.000132
2019-10-29,Shanwick FIR,9.6e-05
2019-10-29,Switzerland FIR,2.8e-05
2019-10-30,European Airspace,0.002202
2019-10-30,Global,0.004213
2019-10-30,London FIR,0.000136
2019-10-30,Paris FIR,0.000111
2019-10-30,Shanwick FIR,0.00013
2019-10-30,Switzerland FIR,2.6e-05
2019-10-31,European Airspace,0.001611
2019-10-31,Global,0.003711
2019-10-31,London FIR,6.5e-05
2019-10-31,Paris FIR,1.6e-05
2019-10-31,Shanwick FIR,0.00016
2019-10-31,Switzerland FIR,7e-06
2019-11-01,European Airspace,0.003002
2019-11-01,Global,0.0048
2019-11-01,London FIR,0.000162
2019-11-01,Paris FIR,0.000176
2019-11-01,Shanwick FIR,0.000119
2019-11-01,Switzerland FIR,3.9e-05
2019-11-02,European Airspace,0.002984
2019-11-02,Global,0.004849
2019-11-02,London FIR,6e-06
2019-11-02,Paris FIR,1.9e-05
2019-11-02,Shanwick FIR,0.000117
2019-11-02,Switzerland FIR,3.9e-05
2019-11-03,European Airspace,0.002085
2019-11-03,Global,0.004379
2019-11-03,London FIR,-1e-06
2019-11-03,Paris FIR,-0.0
2019-11-03,Shanwick FIR,6.2e-05
2019-11-03,Switzerland FIR,2e-06
2019-11-04,European Airspace,0.000804
2019-11-04,Global,0.004301
2019-11-04,London FIR,4e-06
2019-11-04,Paris FIR,0.0
2019-11-04,Shanwick FIR,2.6e-05
2019-11-04,Switzerland FIR,0.0
2019-11-05,European Airspace,0.000304
2019-11-05,Global,0.004079
2019-11-05,London FIR,1e-06
2019-11-05,Paris FIR,0.0
2019-11-05,Shanwick FIR,5.3e-05
2019-11-05,Switzerland FIR,0.0
2019-11-06,European Airspace,0.000878
2019-11-06,Global,0.003438
2019-11-06,London FIR,2.6e-05
2019-11-06,Paris FIR,1.7e-05
2019-11-06,Shanwick FIR,1.3e-05
2019-11-06,Switzerland FIR,-0.0
2019-11-07,European Airspace,0.000869
2019-11-07,Global,0.003388
2019-11-07,London FIR,4e-06
2019-11-07,Paris FIR,1e-06
2019-11-07,Shanwick FIR,2.3e-05
2019-11-07,Switzerland FIR,1e-06
2019-11-08,European Airspace,0.000644
2019-11-08,Global,0.002696
2019-11-08,London FIR,3e-06
2019-11-08,Paris FIR,-0.0
2019-11-08,Shanwick FIR,7.7e-05
2019-11-08,Switzerland FIR,-1e-06
2019-11-09,European Airspace,0.001066
2019-11-09,Global,0.003207
2019-11-09,London FIR,-3e-06
2019-11-09,Paris FIR,0.0
2019-11-09,Shanwick FIR,0.00014
2019-11-09,Switzerland FIR,0.0
2019-11-10,European Airspace,0.000783
2019-11-10,Global,0.004056
2019-11-10,London FIR,4.8e-05
2019-11-10,Paris FIR,7e-06
2019-11-10,Shanwick FIR,0.000226
2019-11-10,Switzerland FIR,0.0
2019-11-11,European Airspace,0.001362
2019-11-11,Global,0.005609
2019-11-11,London FIR,0.0
2019-11-11,Paris FIR,1e-06
2019-11-11,Shanwick FIR,6.7e-05
2019-11-11,Switzerland FIR,-3e-06
2019-11-12,European Airspace,0.001428
2019-11-12,Global,0.004364
2019-11-12,London FIR,1e-06
2019-11-12,Paris FIR,0.0
2019-11-12,Shanwick FIR,6e-06
2019-11-12,Switzerland FIR,0.0
2019-11-13,European Airspace,0.001087
2019-11-13,Global,0.004164
2019-11-13,London FIR,2e-06
2019-11-13,Paris FIR,3e-06
2019-11-13,Shanwick FIR,5.3e-05
2019-11-13,Switzerland FIR,0.0
2019-11-14,European Airspace,0.000738
2019-11-14,Global,0.003148
2019-11-14,London FIR,8e-06
2019-11-14,Paris FIR,1.2e-05
2019-11-14,Shanwick FIR,6.4e-05
2019-11-14,Switzerland FIR,5e-06
2019-11-15,European Airspace,0.001631
2019-11-15,Global,0.004749
2019-11-15,London FIR,1e-06
2019-11-15,Paris FIR,-0.0
2019-11-15,Shanwick FIR,0.0004
2019-11-15,Switzerland FIR,2e-06
2019-11-16,European Airspace,0.00153
2019-11-16,Global,0.004091
2019-11-16,London FIR,8e-05
2019-11-16,Paris FIR,1e-06
2019-11-16,Shanwick FIR,0.000218
2019-11-16,Switzerland FIR,1e-06
2019-11-17,European Airspace,0.00214
2019-11-17,Global,0.004897
2019-11-17,London FIR,1.6e-05
2019-11-17,Paris FIR,7e-06
2019-11-17,Shanwick FIR,8.7e-05
2019-11-17,Switzerland FIR,-2e-06
2019-11-18,European Airspace,0.001305
2019-11-18,Global,0.004635
2019-11-18,London FIR,3.8e-05
2019-11-18,Paris FIR,-1e-06
2019-11-18,Shanwick FIR,0.00011
2019-11-18,Switzerland FIR,2e-06
2019-11-19,European Airspace,0.00193
2019-11-19,Global,0.004103
2019-11-19,London FIR,0.000163
2019-11-19,Paris FIR,5.3e-05
2019-11-19,Shanwick FIR,1.2e-05
2019-11-19,Switzerland FIR,1e-06
2019-11-20,European Airspace,0.001857
2019-11-20,Global,0.004072
2019-11-20,London FIR,0.000321
2019-11-20,Paris FIR,0.000116
2019-11-20,Shanwick FIR,6e-06
2019-11-20,Switzerland FIR,4e-06
2019-11-21,European Airspace,0.002712
2019-11-21,Global,0.004565
2019-11-21,London FIR,0.000127
2019-11-21,Paris FIR,9e-06
2019-11-21,Shanwick FIR,5.4e-05
2019-11-21,Switzerland FIR,5e-06
2019-11-22,European Airspace,0.003452
2019-11-22,Global,0.005983
2019-11-22,London FIR,5e-05
2019-11-22,Paris FIR,9.6e-05
2019-11-22,Shanwick FIR,0.000134
2019-11-22,Switzerland FIR,7e-06
2019-11-23,European Airspace,0.002379
2019-11-23,Global,0.004606
2019-11-23,London FIR,9e-05
2019-11-23,Paris FIR,5.4e-05
2019-11-23,Shanwick FIR,2.3e-05
2019-11-23,Switzerland FIR,7e-06
2019-11-24,European Airspace,0.002955
2019-11-24,Global,0.005706
2019-11-24,London FIR,0.000141
2019-11-24,Paris FIR,4.9e-05
2019-11-24,Shanwick FIR,9e-05
2019-11-24,Switzerland FIR,7.8e-05
2019-11-25,European Airspace,0.003285
2019-11-25,Global,0.00546
2019-11-25,London FIR,8.8e-05
2019-11-25,Paris FIR,4.8e-05
2019-11-25,Shanwick FIR,9.5e-05
2019-11-25,Switzerland FIR,4.5e-05
2019-11-26,European Airspace,0.003042
2019-11-26,Global,0.005015
2019-11-26,London FIR,7.9e-05
2019-11-26,Paris FIR,0.000247
2019-11-26,Shanwick FIR,2.5e-05
2019-11-26,Switzerland FIR,1.8e-05
2019-11-27,European Airspace,0.001608
2019-11-27,Global,0.004227
2019-11-27,London FIR,2e-06
2019-11-27,Paris FIR,4e-06
2019-11-27,Shanwick FIR,1e-06
2019-11-27,Switzerland FIR,4e-06
2019-11-28,European Airspace,0.000878
2019-11-28,Global,0.003647
2019-11-28,London FIR,2.2e-05
2019-11-28,Paris FIR,5e-06
2019-11-28,Shanwick FIR,1e-06
2019-11-28,Switzerland FIR,0.0
2019-11-29,European Airspace,0.000222
2019-11-29,Global,0.002932
2019-11-29,London FIR,0.0
2019-11-29,Paris FIR,2e-06
2019-11-29,Shanwick FIR,5e-06
2019-11-29,Switzerland FIR,0.0
2019-11-30,European Airspace,0.000319
2019-11-30,Global,0.003545
2019-11-30,London FIR,2.2e-05
2019-11-30,Paris FIR,3.5e-05
2019-11-30,Shanwick FIR,5e-06
2019-11-30,Switzerland FIR,3e-06
2019-12-01,European Airspace,0.001029
2019-12-01,Global,0.004006
2019-12-01,London FIR,1e-06
2019-12-01,Paris FIR,-0.0
2019-12-01,Shanwick FIR,0.000194
2019-12-01,Switzerland FIR,-1e-06
2019-12-02,European Airspace,0.001466
2019-12-02,Global,0.003213
2019-12-02,London FIR,4e-06
2019-12-02,Paris FIR,0.0
2019-12-02,Shanwick FIR,0.000527
2019-12-02,Switzerland FIR,5e-06
2019-12-03,European Airspace,0.001204
2019-12-03,Global,0.0034
2019-12-03,London FIR,3e-06
2019-12-03,Paris FIR,0.0
2019-12-03,Shanwick FIR,0.000192
2019-12-03,Switzerland FIR,0.0
2019-12-04,European Airspace,0.000463
2019-12-04,Global,0.003312
2019-12-04,London FIR,7e-06
2019-12-04,Paris FIR,-0.0
2019-12-04,Shanwick FIR,0.000147
2019-12-04,Switzerland FIR,1e-06
2019-12-05,European Airspace,0.001356
2019-12-05,Global,0.00376
2019-12-05,London FIR,0.00021
2019-12-05,Paris FIR,8e-06
2019-12-05,Shanwick FIR,0.000334
2019-12-05,Switzerland FIR,-0.0
2019-12-06,European Airspace,0.002138
2019-12-06,Global,0.004958
2019-12-06,London FIR,5.8e-05
2019-12-06,Paris FIR,5.2e-05
2019-12-06,Shanwick FIR,0.000264
2019-12-06,Switzerland FIR,1.5e-05
2019-12-07,European Airspace,0.001297
2019-12-07,Global,0.004355
2019-12-07,London FIR,0.000216
2019-12-07,Paris FIR,2.5e-05
2019-12-07,Shanwick FIR,0.000161
2019-12-07,Switzerland FIR,1e-06
2019-12-08,European Airspace,0.002106
2019-12-08,Global,0.005369
2019-12-08,London FIR,8e-06
2019-12-08,Paris FIR,0.000129
2019-12-08,Shanwick FIR,9e-06
2019-12-08,Switzerland FIR,3.8e-05
2019-12-09,European Airspace,0.00041
2019-12-09,Global,0.004664
2019-12-09,London FIR,7e-06
2019-12-09,Paris FIR,0.0
2019-12-09,Shanwick FIR,0.00017
2019-12-09,Switzerland FIR,0.0
2019-12-10,European Airspace,0.001044
2019-12-10,Global,0.005054
2019-12-10,London FIR,0.00019
2019-12-10,Paris FIR,9.5e-05
2019-12-10,Shanwick FIR,9.4e-05
2019-12-10,Switzerland FIR,0.0
2019-12-11,European Airspace,0.001776
2019-12-11,Global,0.005548
2019-12-11,London FIR,1e-06
2019-12-11,Paris FIR,1.5e-05
2019-12-11,Shanwick FIR,6.8e-05
2019-12-11,Switzerland FIR,3.2e-05
2019-12-12,European Airspace,0.000821
2019-12-12,Global,0.003865
2019-12-12,London FIR,3e-06
2019-12-12,Paris FIR,6e-06
2019-12-12,Shanwick FIR,0.000221
2019-12-12,Switzerland FIR,0.0
2019-12-13,European Airspace,0.00053
2019-12-13,Global,0.004058
2019-12-13,London FIR,0.0
2019-12-13,Paris FIR,0.0
2019-12-13,Shanwick FIR,7.7e-05
2019-12-13,Switzerland FIR,-0.0
2019-12-14,European Airspace,0.000649
2019-12-14,Global,0.004923
2019-12-14,London FIR,1e-06
2019-12-14,Paris FIR,3.2e-05
2019-12-14,Shanwick FIR,8e-06
2019-12-14,Switzerland FIR,0.0
2019-12-15,European Airspace,0.001689
2019-12-15,Global,0.005351
2019-12-15,London FIR,5e-06
2019-12-15,Paris FIR,0.000131
2019-12-15,Shanwick FIR,3e-06
2019-12-15,Switzerland FIR,6.3e-05
2019-12-16,European Airspace,0.003114
2019-12-16,Global,0.00588
2019-12-16,London FIR,4.1e-05
2019-12-16,Paris FIR,0.00035
2019-12-16,Shanwick FIR,6e-06
2019-12-16,Switzerland FIR,5.4e-05
2019-12-17,European Airspace,0.001924
2019-12-17,Global,0.005425
2019-12-17,London FIR,3.6e-05
2019-12-17,Paris FIR,3e-05
2019-12-17,Shanwick FIR,1.3e-05
2019-12-17,Switzerland FIR,8e-06
2019-12-18,European Airspace,0.001294
2019-12-18,Global,0.005435
2019-12-18,London FIR,6.9e-05
2019-12-18,Paris FIR,2.9e-05
2019-12-18,Shanwick FIR,1.2e-05
2019-12-18,Switzerland FIR,1e-06
2019-12-19,European Airspace,0.003188
2019-12-19,Global,0.006325
2019-12-19,London FIR,5.8e-05
2019-12-19,Paris FIR,6.5e-05
2019-12-19,Shanwick FIR,3e-06
2019-12-19,Switzerland FIR,-1e-06
2019-12-20,European Airspace,0.001708
2019-12-20,Global,0.005081
2019-12-20,London FIR,1e-05
2019-12-20,Paris FIR,1.1e-05
2019-12-20,Shanwick FIR,4e-06
2019-12-20,Switzerland FIR,4e-06
2019-12-21,European Airspace,0.000753
2019-12-21,Global,0.004387
2019-12-21,London FIR,7e-06
2019-12-21,Paris FIR,2e-06
2019-12-21,Shanwick FIR,1e-06
2019-12-21,Switzerland FIR,0.0
2019-12-22,European Airspace,0.000688
2019-12-22,Global,0.004032
2019-12-22,London FIR,1.6e-05
2019-12-22,Paris FIR,4e-06
2019-12-22,Shanwick FIR,0.0
2019-12-22,Switzerland FIR,-0.0
2019-12-23,European Airspace,0.000696
2019-12-23,Global,0.004429
2019-12-23,London FIR,9e-06
2019-12-23,Paris FIR,1.5e-05
2019-12-23,Shanwick FIR,7e-06
2019-12-23,Switzerland FIR,0.0
2019-12-24,European Airspace,0.000327
2019-12-24,Global,0.003915
2019-12-24,London FIR,0.0
2019-12-24,Paris FIR,1e-05
2019-12-24,Shanwick FIR,1.2e-05
2019-12-24,Switzerland FIR,-1e-06
2019-12-25,European Airspace,0.000675
2019-12-25,Global,0.004269
2019-12-25,London FIR,1.4e-05
2019-12-25,Paris FIR,5e-06
2019-12-25,Shanwick FIR,0.000134
2019-12-25,Switzerland FIR,0.0
2019-12-26,European Airspace,0.001454
2019-12-26,Global,0.005333
2019-12-26,London FIR,7.2e-05
2019-12-26,Paris FIR,1.8e-05
2019-12-26,Shanwick FIR,0.000358
2019-12-26,Switzerland FIR,1.2e-05
2019-12-27,European Airspace,0.001193
2019-12-27,Global,0.005883
2019-12-27,London FIR,0.000166
2019-12-27,Paris FIR,3.6e-05
2019-12-27,Shanwick FIR,0.000319
2019-12-27,Switzerland FIR,-0.0
2019-12-28,European Airspace,0.001572
2019-12-28,Global,0.005563
2019-12-28,London FIR,0.000162
2019-12-28,Paris FIR,0.000183
2019-12-28,Shanwick FIR,0.000299
2019-12-28,Switzerland FIR,1.1e-05
2019-12-29,European Airspace,0.001075
2019-12-29,Global,0.004313
2019-12-29,London FIR,9.8e-05
2019-12-29,Paris FIR,2.7e-05
2019-12-29,Shanwick FIR,0.00019
2019-12-29,Switzerland FIR,0.0
2019-12-30,European Airspace,0.000768
2019-12-30,Global,0.00327
2019-12-30,London FIR,1.2e-05
2019-12-30,Paris FIR,0.0
2019-12-30,Shanwick FIR,0.000147
2019-12-30,Switzerland FIR,0.0
2019-12-31,European Airspace,0.001132
2019-12-31,Global,0.002888
2019-12-31,London FIR,5e-06
2019-12-31,Paris FIR,-1.8e-05
2019-12-31,Shanwick FIR,0.000777
2019-12-31,Switzerland FIR,1.7e-05
