filename,date,availability
20190101.pq,2019-01-01,True
20190102.pq,2019-01-02,True
20190103.pq,2019-01-03,True
20190104.pq,2019-01-04,True
20190105.pq,2019-01-05,True
20190106.pq,2019-01-06,True
20190107.pq,2019-01-07,True
20190108.pq,2019-01-08,True
20190109.pq,2019-01-09,True
20190110.pq,2019-01-10,True
20190111.pq,2019-01-11,True
20190112.pq,2019-01-12,True
20190113.pq,2019-01-13,True
20190114.pq,2019-01-14,True
20190115.pq,2019-01-15,True
20190116.pq,2019-01-16,True
20190117.pq,2019-01-17,True
20190118.pq,2019-01-18,True
20190119.pq,2019-01-19,True
20190120.pq,2019-01-20,True
20190121.pq,2019-01-21,True
20190122.pq,2019-01-22,True
20190123.pq,2019-01-23,True
20190124.pq,2019-01-24,True
20190125.pq,2019-01-25,True
20190126.pq,2019-01-26,True
20190127.pq,2019-01-27,True
20190128.pq,2019-01-28,True
20190129.pq,2019-01-29,True
20190130.pq,2019-01-30,True
20190131.pq,2019-01-31,True
20190201.pq,2019-02-01,True
20190202.pq,2019-02-02,True
20190203.pq,2019-02-03,True
20190204.pq,2019-02-04,True
20190205.pq,2019-02-05,True
20190206.pq,2019-02-06,True
20190207.pq,2019-02-07,True
20190208.pq,2019-02-08,True
20190209.pq,2019-02-09,True
20190210.pq,2019-02-10,True
20190211.pq,2019-02-11,True
20190212.pq,2019-02-12,True
20190213.pq,2019-02-13,True
20190214.pq,2019-02-14,True
20190215.pq,2019-02-15,True
20190216.pq,2019-02-16,True
20190217.pq,2019-02-17,True
20190218.pq,2019-02-18,True
20190219.pq,2019-02-19,True
20190220.pq,2019-02-20,True
20190221.pq,2019-02-21,True
20190222.pq,2019-02-22,True
20190223.pq,2019-02-23,True
20190224.pq,2019-02-24,True
20190225.pq,2019-02-25,True
20190226.pq,2019-02-26,True
20190227.pq,2019-02-27,True
20190228.pq,2019-02-28,True
20190301.pq,2019-03-01,True
20190302.pq,2019-03-02,True
20190303.pq,2019-03-03,True
20190304.pq,2019-03-04,True
20190305.pq,2019-03-05,True
20190306.pq,2019-03-06,True
20190307.pq,2019-03-07,True
20190308.pq,2019-03-08,True
20190309.pq,2019-03-09,True
20190310.pq,2019-03-10,True
20190311.pq,2019-03-11,True
20190312.pq,2019-03-12,True
20190313.pq,2019-03-13,True
20190314.pq,2019-03-14,True
20190315.pq,2019-03-15,True
20190316.pq,2019-03-16,True
20190317.pq,2019-03-17,True
20190318.pq,2019-03-18,True
20190319.pq,2019-03-19,True
20190320.pq,2019-03-20,True
20190321.pq,2019-03-21,True
20190322.pq,2019-03-22,True
20190323.pq,2019-03-23,True
20190324.pq,2019-03-24,True
20190325.pq,2019-03-25,True
20190326.pq,2019-03-26,True
20190327.pq,2019-03-27,True
20190328.pq,2019-03-28,True
20190329.pq,2019-03-29,True
20190330.pq,2019-03-30,True
20190331.pq,2019-03-31,True
20190401.pq,2019-04-01,True
20190402.pq,2019-04-02,True
20190403.pq,2019-04-03,True
20190404.pq,2019-04-04,True
20190405.pq,2019-04-05,True
20190406.pq,2019-04-06,True
20190407.pq,2019-04-07,True
20190408.pq,2019-04-08,True
20190409.pq,2019-04-09,True
20190410.pq,2019-04-10,True
20190411.pq,2019-04-11,True
20190412.pq,2019-04-12,True
20190413.pq,2019-04-13,True
20190414.pq,2019-04-14,True
20190415.pq,2019-04-15,True
20190416.pq,2019-04-16,True
20190417.pq,2019-04-17,True
20190418.pq,2019-04-18,True
20190419.pq,2019-04-19,True
20190420.pq,2019-04-20,True
20190421.pq,2019-04-21,True
20190422.pq,2019-04-22,True
20190423.pq,2019-04-23,True
20190424.pq,2019-04-24,True
20190425.pq,2019-04-25,True
20190426.pq,2019-04-26,True
20190427.pq,2019-04-27,True
20190428.pq,2019-04-28,True
20190429.pq,2019-04-29,True
20190430.pq,2019-04-30,True
20190501.pq,2019-05-01,True
20190502.pq,2019-05-02,True
20190503.pq,2019-05-03,True
20190504.pq,2019-05-04,True
20190505.pq,2019-05-05,True
20190506.pq,2019-05-06,True
20190507.pq,2019-05-07,True
20190508.pq,2019-05-08,True
20190509.pq,2019-05-09,True
20190510.pq,2019-05-10,True
20190511.pq,2019-05-11,True
20190512.pq,2019-05-12,True
20190513.pq,2019-05-13,True
20190514.pq,2019-05-14,True
20190515.pq,2019-05-15,True
20190516.pq,2019-05-16,True
20190517.pq,2019-05-17,True
20190518.pq,2019-05-18,True
20190519.pq,2019-05-19,True
20190520.pq,2019-05-20,True
20190521.pq,2019-05-21,True
20190522.pq,2019-05-22,True
20190523.pq,2019-05-23,True
20190524.pq,2019-05-24,True
20190525.pq,2019-05-25,True
20190526.pq,2019-05-26,True
20190527.pq,2019-05-27,True
20190528.pq,2019-05-28,True
20190529.pq,2019-05-29,True
20190530.pq,2019-05-30,True
20190531.pq,2019-05-31,True
20190601.pq,2019-06-01,True
20190602.pq,2019-06-02,True
20190603.pq,2019-06-03,True
20190604.pq,2019-06-04,True
20190605.pq,2019-06-05,True
20190606.pq,2019-06-06,True
20190607.pq,2019-06-07,True
20190608.pq,2019-06-08,True
20190609.pq,2019-06-09,True
20190610.pq,2019-06-10,True
20190611.pq,2019-06-11,True
20190612.pq,2019-06-12,True
20190613.pq,2019-06-13,True
20190614.pq,2019-06-14,True
20190615.pq,2019-06-15,True
20190616.pq,2019-06-16,True
20190617.pq,2019-06-17,True
20190618.pq,2019-06-18,True
20190619.pq,2019-06-19,True
20190620.pq,2019-06-20,True
20190621.pq,2019-06-21,True
20190622.pq,2019-06-22,True
20190623.pq,2019-06-23,True
20190624.pq,2019-06-24,True
20190625.pq,2019-06-25,True
20190626.pq,2019-06-26,True
20190627.pq,2019-06-27,True
20190628.pq,2019-06-28,True
20190629.pq,2019-06-29,True
20190630.pq,2019-06-30,True
20190701.pq,2019-07-01,True
20190702.pq,2019-07-02,True
20190703.pq,2019-07-03,True
20190704.pq,2019-07-04,True
20190705.pq,2019-07-05,True
20190706.pq,2019-07-06,True
20190707.pq,2019-07-07,True
20190708.pq,2019-07-08,True
20190709.pq,2019-07-09,True
20190710.pq,2019-07-10,True
20190711.pq,2019-07-11,True
20190712.pq,2019-07-12,True
20190713.pq,2019-07-13,True
20190714.pq,2019-07-14,True
20190715.pq,2019-07-15,True
20190716.pq,2019-07-16,True
20190717.pq,2019-07-17,True
20190718.pq,2019-07-18,True
20190719.pq,2019-07-19,True
20190720.pq,2019-07-20,True
20190721.pq,2019-07-21,True
20190722.pq,2019-07-22,True
20190723.pq,2019-07-23,True
20190724.pq,2019-07-24,True
20190725.pq,2019-07-25,True
20190726.pq,2019-07-26,True
20190727.pq,2019-07-27,True
20190728.pq,2019-07-28,True
20190729.pq,2019-07-29,True
20190730.pq,2019-07-30,True
20190731.pq,2019-07-31,True
20190801.pq,2019-08-01,True
20190802.pq,2019-08-02,True
20190803.pq,2019-08-03,True
20190804.pq,2019-08-04,True
20190805.pq,2019-08-05,True
20190806.pq,2019-08-06,True
20190807.pq,2019-08-07,True
20190808.pq,2019-08-08,True
20190809.pq,2019-08-09,True
20190810.pq,2019-08-10,True
20190811.pq,2019-08-11,True
20190812.pq,2019-08-12,True
20190813.pq,2019-08-13,True
20190814.pq,2019-08-14,True
20190815.pq,2019-08-15,True
20190816.pq,2019-08-16,True
20190817.pq,2019-08-17,True
20190818.pq,2019-08-18,True
20190819.pq,2019-08-19,True
20190820.pq,2019-08-20,True
20190821.pq,2019-08-21,True
20190822.pq,2019-08-22,True
20190823.pq,2019-08-23,True
20190824.pq,2019-08-24,True
20190825.pq,2019-08-25,True
20190826.pq,2019-08-26,True
20190827.pq,2019-08-27,True
20190828.pq,2019-08-28,True
20190829.pq,2019-08-29,True
20190830.pq,2019-08-30,True
20190831.pq,2019-08-31,True
20190901.pq,2019-09-01,True
20190902.pq,2019-09-02,True
20190903.pq,2019-09-03,True
20190904.pq,2019-09-04,True
20190905.pq,2019-09-05,True
20190906.pq,2019-09-06,True
20190907.pq,2019-09-07,True
20190908.pq,2019-09-08,True
20190909.pq,2019-09-09,True
20190910.pq,2019-09-10,True
20190911.pq,2019-09-11,True
20190912.pq,2019-09-12,True
20190913.pq,2019-09-13,True
20190914.pq,2019-09-14,True
20190915.pq,2019-09-15,True
20190916.pq,2019-09-16,True
20190917.pq,2019-09-17,True
20190918.pq,2019-09-18,True
20190919.pq,2019-09-19,True
20190920.pq,2019-09-20,True
20190921.pq,2019-09-21,True
20190922.pq,2019-09-22,True
20190923.pq,2019-09-23,True
20190924.pq,2019-09-24,True
20190925.pq,2019-09-25,True
20190926.pq,2019-09-26,True
20190927.pq,2019-09-27,True
20190928.pq,2019-09-28,True
20190929.pq,2019-09-29,True
20190930.pq,2019-09-30,True
20191001.pq,2019-10-01,True
20191002.pq,2019-10-02,True
20191003.pq,2019-10-03,True
20191004.pq,2019-10-04,True
20191005.pq,2019-10-05,True
20191006.pq,2019-10-06,True
20191007.pq,2019-10-07,True
20191008.pq,2019-10-08,True
20191009.pq,2019-10-09,True
20191010.pq,2019-10-10,True
20191011.pq,2019-10-11,True
20191012.pq,2019-10-12,True
20191013.pq,2019-10-13,True
20191014.pq,2019-10-14,True
20191015.pq,2019-10-15,True
20191016.pq,2019-10-16,True
20191017.pq,2019-10-17,True
20191018.pq,2019-10-18,True
20191019.pq,2019-10-19,True
20191020.pq,2019-10-20,True
20191021.pq,2019-10-21,True
20191022.pq,2019-10-22,True
20191023.pq,2019-10-23,True
20191024.pq,2019-10-24,True
20191025.pq,2019-10-25,True
20191026.pq,2019-10-26,True
20191027.pq,2019-10-27,True
20191028.pq,2019-10-28,True
20191029.pq,2019-10-29,True
20191030.pq,2019-10-30,True
20191031.pq,2019-10-31,True
20191101.pq,2019-11-01,True
20191102.pq,2019-11-02,True
20191103.pq,2019-11-03,True
20191104.pq,2019-11-04,True
20191105.pq,2019-11-05,True
20191106.pq,2019-11-06,True
20191107.pq,2019-11-07,True
20191108.pq,2019-11-08,True
20191109.pq,2019-11-09,True
20191110.pq,2019-11-10,True
20191111.pq,2019-11-11,True
20191112.pq,2019-11-12,True
20191113.pq,2019-11-13,True
20191114.pq,2019-11-14,True
20191115.pq,2019-11-15,True
20191116.pq,2019-11-16,True
20191117.pq,2019-11-17,True
20191118.pq,2019-11-18,True
20191119.pq,2019-11-19,True
20191120.pq,2019-11-20,True
20191121.pq,2019-11-21,True
20191122.pq,2019-11-22,True
20191123.pq,2019-11-23,True
20191124.pq,2019-11-24,True
20191125.pq,2019-11-25,True
20191126.pq,2019-11-26,True
20191127.pq,2019-11-27,True
20191128.pq,2019-11-28,True
20191129.pq,2019-11-29,True
20191130.pq,2019-11-30,True
20191201.pq,2019-12-01,True
20191202.pq,2019-12-02,True
20191203.pq,2019-12-03,True
20191204.pq,2019-12-04,True
20191205.pq,2019-12-05,True
20191206.pq,2019-12-06,True
20191207.pq,2019-12-07,True
20191208.pq,2019-12-08,True
20191209.pq,2019-12-09,True
20191210.pq,2019-12-10,True
20191211.pq,2019-12-11,True
20191212.pq,2019-12-12,True
20191213.pq,2019-12-13,True
20191214.pq,2019-12-14,True
20191215.pq,2019-12-15,True
20191216.pq,2019-12-16,True
20191217.pq,2019-12-17,True
20191218.pq,2019-12-18,True
20191219.pq,2019-12-19,True
20191220.pq,2019-12-20,True
20191221.pq,2019-12-21,True
20191222.pq,2019-12-22,True
20191223.pq,2019-12-23,True
20191224.pq,2019-12-24,True
20191225.pq,2019-12-25,True
20191226.pq,2019-12-26,True
20191227.pq,2019-12-27,True
20191228.pq,2019-12-28,True
20191229.pq,2019-12-29,True
20191230.pq,2019-12-30,True
20191231.pq,2019-12-31,True
