region,hour,total_flight_dist,contrail_ef_initial_loc,contrail_ef_overlap_initial_loc,new_contrail_length,total_contrail_length,tau_contrail_area,mean_contrail_age,contrail_ef,contrail_ef_sw,contrail_ef_lw,contrail_ef_overlap,contrail_ef_sw_overlap,contrail_ef_lw_overlap,Eurocontrol FIR,type
Accra FIR,100718,864184200000.0,8.1272145e+18,6.176444435349252e+17,35924374000.0,125323760000.0,122563430000000.0,1306326.5122178968,8.506582e+18,-1.1862061e+19,2.037289e+19,6.519271182816306e+17,-1.1539323e+19,1.9683314e+19,False,FIR
Addis Abeba FIR,99360,61584630000.0,6.4274076e+17,6.392075028633487e+17,2017879200.0,5317766700.0,5023205000000.0,698233.5227283738,6.218175e+17,-3.195481e+17,9.4366094e+17,6.18125909342925e+17,-3.1821014e+17,9.38613e+17,False,FIR
Africa & Middle East,100740,5389033700000.0,3.9200805e+19,3.0927128440218485e+19,171758520000.0,530440950000.0,459137640000000.0,49864612.41855137,3.8289965e+19,-4.972517e+19,8.807131e+19,2.981622095405885e+19,-4.784883e+19,8.5210805e+19,,RECT
Aktobe FIR,99360,99778100000.0,6.062101e+18,5.966973242047445e+18,13049672000.0,75230610000.0,67053986000000.0,16162840.956104634,7.0808527e+18,-5.737653e+18,1.279209e+19,6.931107334257483e+18,-5.4812403e+18,1.2387696e+19,False,FIR
Alaska FIR,99360,396543330000.0,1.0251621e+19,1.0083626896815458e+19,38750840000.0,139808570000.0,141521320000000.0,24274163.045530785,9.751237e+18,-1.1272007e+19,2.104079e+19,9.595642839598903e+18,-1.1069801e+19,2.0682904e+19,False,FIR
Albuquerque FIR,99360,853909900000.0,4.2906058e+18,3.825943352585798e+18,34012980000.0,70680870000.0,58293775000000.0,4949677.868268083,3.2648362e+18,-7.3857956e+18,1.0669938e+19,2.9798542758275297e+18,-7.0331927e+18,1.0030805e+19,False,FIR
Alger FIR,99360,158845490000.0,1.0521671e+18,1.0391321035012461e+18,4736383500.0,14266833000.0,10955908000000.0,1906900.453998015,1.1254504e+18,-1.1986087e+18,2.3247574e+18,1.1083937194160952e+18,-1.1599176e+18,2.269152e+18,False,FIR
Almaty FIR,99360,52085023000.0,2.0611163e+18,2.0391549432765048e+18,6300247600.0,31087610000.0,29366981000000.0,6539108.434515851,2.6963128e+18,-2.4643788e+18,5.156656e+18,2.665393535077784e+18,-2.4077697e+18,5.069219e+18,False,FIR
Amazonica FIR,99360,187020750000.0,4.007655e+18,3.983569097631363e+18,11577765000.0,42929332000.0,45651606000000.0,7274498.533945672,3.9189596e+18,-2.7446218e+18,6.673193e+18,3.895381661380337e+18,-2.7374516e+18,6.642363e+18,False,FIR
Amman FIR,99360,20096776000.0,3.1215167e+16,3.073246256290099e+16,105928590.0,378639230.0,397382320000.0,44624.90309178131,3.231869e+16,-2.556853e+16,5.8028706e+16,3.1887823011036696e+16,-2.525236e+16,5.728381e+16,False,FIR
Amsterdam FIR,99360,247273950000.0,6.621265e+18,5.54286650495523e+18,18074038000.0,58167220000.0,58589016000000.0,5741238.325715402,3.5295115e+18,-6.3233634e+18,9.901987e+18,3.0928286689952957e+18,-5.276075e+18,8.4106433e+18,True,FIR
Ankara FIR,99360,706591060000.0,7.414583e+18,7.166968206965676e+18,30852220000.0,102998204000.0,93783530000000.0,10778796.673679668,6.76609e+18,-1.1087148e+19,1.7865994e+19,6.471744867144648e+18,-9.920523e+18,1.6405764e+19,True,FIR
Antananarivo FIR,98566,24989207000.0,1.0780617e+17,1.0680698193688194e+17,770406140.0,3221174500.0,2843398600000.0,581574.69440944,1.1836004e+17,-3.2195704e+17,4.4044154e+17,1.173278789923115e+17,-3.215455e+17,4.389947e+17,False,FIR
Antofagasta FIR,99360,81570914000.0,2.870002e+17,2.8493044463155075e+17,1491541800.0,3676010200.0,2717493200000.0,451648.4591473658,3.3566626e+17,-3.1772636e+17,6.535544e+17,3.333372177320025e+17,-3.165698e+17,6.5006185e+17,False,FIR
Arctic,99359,358984450000.0,9.261509e+18,9.17811616821986e+18,25542576000.0,132937940000.0,123296410000000.0,37954779.910038754,1.1410625e+19,-6.791839e+18,1.8184893e+19,1.1286592569097622e+19,-6.736967e+18,1.8006558e+19,,RECT
Arkhangelsk FIR,99127,30833340000.0,1.473244e+18,1.4546495600507172e+18,2867961000.0,20377696000.0,19885418000000.0,6168076.440679072,2.0803759e+18,-6.581897e+17,2.7354753e+18,2.0337830924095462e+18,-6.4236644e+17,2.673418e+18,False,FIR
Ashgabat FIR,99138,19898749000.0,2.2562865e+17,2.2444365085428662e+17,785611500.0,2534349600.0,2070428900000.0,373789.1332803951,1.9276736e+17,-1.7957418e+17,3.7286044e+17,1.9258973985254864e+17,-1.752599e+17,3.683703e+17,False,FIR
Asmara FIR,85648,7551281000.0,2.9778415e+16,2.9634726883914076e+16,108000950.0,235183300.0,195106030000.0,28914.244746785713,2.7545674e+16,-2.3205659e+16,5.087061e+16,2.741437339340562e+16,-2.3083025e+16,5.0615532e+16,False,FIR
Asuncion FIR/UIR,99241,13054360000.0,8.872831e+16,8.827462489713651e+16,320298200.0,1389461600.0,1181174200000.0,227309.48037823633,1.035612e+17,-1.0162101e+17,2.0492878e+17,1.0305726144572733e+17,-1.0137845e+17,2.0418122e+17,False,FIR
Athinai FIR,99360,438136600000.0,3.8250292e+18,3.547718785874367e+18,14159776000.0,35036586000.0,28729187000000.0,3034346.009997979,2.1904549e+18,-3.5720722e+18,5.779751e+18,2.0769781390501906e+18,-3.3365354e+18,5.4298255e+18,True,FIR
Atlanta FIR,99360,830204300000.0,5.4785124e+18,4.830253993684495e+18,32828428000.0,82677785000.0,65505084000000.0,6506028.6082104,4.017253e+18,-6.414176e+18,1.0452811e+19,3.577862767914726e+18,-6.0658176e+18,9.663781e+18,False,FIR
Atlantico FIR,99257,78694850000.0,1.3913271e+18,1.3818456233121413e+18,3220316700.0,17529000000.0,15694131000000.0,3706787.508667696,1.7980927e+18,-1.1580568e+18,2.9525345e+18,1.7846892990141076e+18,-1.1516304e+18,2.932755e+18,False,FIR
Auckland Oceanic FIR,99360,98650735000.0,1.5791829e+18,1.56214835478825e+18,5372514000.0,22150347000.0,22013650000000.0,4293704.611132726,1.7891327e+18,-1.9837427e+18,3.7754832e+18,1.7660890235551355e+18,-1.9644965e+18,3.7332037e+18,False,FIR
Baghdad FIR,99360,222436560000.0,5.505903e+17,5.414839643467455e+17,3637588700.0,5770416000.0,4660704300000.0,467116.00749695185,3.4456808e+17,-3.726529e+17,7.211763e+17,3.40876049896132e+17,-3.6275005e+17,7.07528e+17,False,FIR
Bahrain FIR,99360,195113650000.0,2.1461197e+17,2.0645631599714934e+17,1670154000.0,1686650900.0,937879900000.0,90144.95202467011,6.6491815e+16,-1.0734468e+17,1.760586e+17,6.470670951841354e+16,-1.0527716e+17,1.720736e+17,False,FIR
Baku FIR,99360,53692230000.0,7.488654e+17,7.494255450417495e+17,2647081000.0,8952546000.0,8370084000000.0,1241890.5507737615,6.8464775e+17,-9.665851e+17,1.6516548e+18,6.836643991617256e+17,-9.061135e+17,1.5903464e+18,False,FIR
Bangkok FIR,99360,529885800000.0,3.0503952e+18,2.97383747438539e+18,10213064000.0,39627310000.0,44159084000000.0,5918868.830633334,3.0629293e+18,-3.894953e+18,6.9673655e+18,2.9823849910804024e+18,-3.8505727e+18,6.842396e+18,False,FIR
Barcelona FIR,99360,352458500000.0,1.5239245e+18,1.3614300185148887e+18,14827701000.0,42162850000.0,36977540000000.0,3767914.560179697,2.2341836e+18,-5.6800897e+18,7.893875e+18,2.0213603653293865e+18,-5.116541e+18,7.12135e+18,True,FIR
Barranquilla FIR,99360,81999266000.0,1.11848185e+18,1.1013316191449489e+18,3815416600.0,15381984000.0,16520001000000.0,2598531.2510191626,9.271016e+17,-1.6585284e+18,2.59082e+18,9.122711874945522e+17,-1.6513114e+18,2.5687192e+18,False,FIR
Beijing FIR,99360,430236430000.0,2.5297973e+18,2.3599120756130135e+18,16902522000.0,46853775000.0,54785480000000.0,4539096.554925252,1.890123e+18,-5.9836995e+18,7.8869635e+18,1.7648564373402964e+18,-5.721713e+18,7.499015e+18,False,FIR
Beira FIR,99337,19810769000.0,1.0798873e+17,1.0710225799746459e+17,587125440.0,2485987300.0,2410277000000.0,485711.82236805116,1.4221343e+17,-1.789782e+17,3.20834e+17,1.411496940200021e+17,-1.7851705e+17,3.1931055e+17,False,FIR
Beirut FIR,99190,8471266300.0,5291408000000000.0,5244928079031010.0,24998686.0,264148660.0,247625660000.0,44783.80343235008,1.6449685e+16,-3.8342264e+16,5.511045e+16,1.6224552425019596e+16,-3.7070198e+16,5.3590515e+16,False,FIR
Beograd FIR,99360,193641800000.0,4.2517697e+18,3.6677768529118054e+18,14489096000.0,41287655000.0,41201445000000.0,3302432.8186090984,3.0147042e+18,-4.727655e+18,7.7576944e+18,2.6395040974564224e+18,-4.1405175e+18,6.794003e+18,True,FIR
Bishkek FIR,98911,5473680400.0,1.4727984e+17,1.4647857458624986e+17,541787900.0,2198742000.0,2050427300000.0,380063.3988649176,1.6792527e+17,-1.4408174e+17,3.1192897e+17,1.6713448341805283e+17,-1.4141697e+17,3.0848e+17,False,FIR
Bodo Oceanic FIR,96076,11536726000.0,2.9223404e+17,2.895651267676992e+17,972271600.0,7214056000.0,6860504600000.0,2105550.9265952003,5.147821e+17,-4.613338e+17,9.740284e+17,5.114088227436438e+17,-4.5280538e+17,9.621483e+17,True,FIR
Bogota FIR,99360,173913200000.0,1.5210123e+18,1.508466652052211e+18,6598313500.0,24741863000.0,26706962000000.0,4205948.572064414,1.4543434e+18,-1.7416523e+18,3.2010832e+18,1.4420444238908803e+18,-1.7356888e+18,3.1827975e+18,False,FIR
Bordeaux FIR,99358,345627000000.0,6.673765e+18,5.49786837834652e+18,33927051000.0,98338890000.0,89005110000000.0,6370471.378723943,7.2023526e+18,-1.0743264e+19,1.7980206e+19,6.035539478732174e+18,-9.290583e+18,1.5354637e+19,True,FIR
Boston FIR,99360,525630080000.0,7.848538e+18,7.23977146870524e+18,27936877000.0,109001480000.0,133689690000000.0,12154345.432971476,8.207818e+18,-9.366434e+18,1.7581395e+19,7.318883433349187e+18,-8.770331e+18,1.6102732e+19,False,FIR
Brasilia FIR,99360,286160100000.0,1.9656764e+18,1.9401720809511567e+18,8837758000.0,25615276000.0,21641540000000.0,3332263.031444156,1.5975444e+18,-1.9753246e+18,3.581457e+18,1.578247176340797e+18,-1.9603508e+18,3.5470767e+18,False,FIR
Bratislava  FIR,99360,78484860000.0,2.3474598e+18,2.087082311459063e+18,8317795300.0,32045285000.0,33402202000000.0,3062945.5705771223,3.0116926e+18,-3.1330103e+18,6.1477263e+18,2.5612841146107694e+18,-2.7088003e+18,5.2738125e+18,True,FIR
Brazzaville FIR,99337,40487875000.0,1.971109e+18,1.9601101506144568e+18,4132756500.0,15844849000.0,17510673000000.0,2514906.615821854,1.8938989e+18,-1.01535356e+18,2.9132872e+18,1.8832909001087357e+18,-1.013499e+18,2.900791e+18,False,FIR
Bremen FIR,99360,312758140000.0,8.915566e+18,7.965408861939174e+18,26835034000.0,115848905000.0,117833740000000.0,13722782.973787846,1.0761571e+19,-9.78715e+18,2.0562706e+19,9.194844570248276e+18,-8.276368e+18,1.748923e+19,True,FIR
Brest FIR,99351,323832970000.0,9.967402e+18,8.527323166876126e+18,40680100000.0,104648020000.0,88655640000000.0,8619015.176785491,5.137214e+18,-1.3019296e+19,1.8217879e+19,4.755997014861436e+18,-1.1710444e+19,1.651893e+19,True,FIR
Brindisi FIR,99357,107257460000.0,9.648913e+17,8.937446023226715e+17,5651477500.0,17357126000.0,14939950000000.0,1918960.8574643673,9.6662005e+17,-1.9875649e+18,2.9466447e+18,9.05559164930187e+17,-1.858063e+18,2.7573822e+18,True,FIR
Brisbane FIR,99360,658579260000.0,2.118464e+18,2.093954644553167e+18,10771839000.0,37911167000.0,35360596000000.0,6058769.636499997,2.0515976e+18,-3.9834987e+18,6.039215e+18,2.0264806282499594e+18,-3.966649e+18,5.9972433e+18,False,FIR
Brussels FIR,99360,186527500000.0,4.184062e+18,3.4661095581798267e+18,13737209000.0,35009397000.0,33479497000000.0,2719398.9743232015,2.2969779e+18,-3.6293282e+18,5.948959e+18,1.9252852575713915e+18,-3.00002e+18,4.94462e+18,True,FIR
Bucarest FIR,99360,297530720000.0,8.082399e+18,7.548168022106435e+18,25964847000.0,114460600000.0,116485000000000.0,12034317.771724775,1.1007463e+19,-1.1760541e+19,2.275257e+19,9.849882937620363e+18,-1.0109992e+19,1.9954588e+19,True,FIR
Budapest FIR,99360,204353260000.0,5.077696e+18,4.5400422593728466e+18,19667743000.0,64725234000.0,66500370000000.0,5581441.561909778,5.64931e+18,-6.8681835e+18,1.2530497e+19,4.837791752880409e+18,-5.918847e+18,1.0772494e+19,True,FIR
Bujumbura FIR,39251,349305860.0,8653972000000000.0,8600250620418189.0,25905884.0,76910420.0,81701170000.0,13221.03719712963,6960084000000000.0,-7376766300000000.0,1.4369891e+16,6926012639547296.0,-7370508600000000.0,1.4329319e+16,False,FIR
Cairo FIR,99360,265579380000.0,5.4057465e+17,5.333945748422909e+17,2590531300.0,4156003300.0,2656823700000.0,273143.7592369403,3.1194478e+17,-2.5547194e+17,5.7168612e+17,3.092185420160226e+17,-2.5219234e+17,5.656353e+17,False,FIR
Canarias FIR,99360,157777350000.0,6.295353e+17,6.234355303832381e+17,2950276000.0,8043159000.0,5144167000000.0,936149.1114103557,4.83609e+17,-7.7038595e+17,1.255476e+18,4.790625018615803e+17,-7.574389e+17,1.237978e+18,True,FIR
Cape Town FIR,96367,30490827000.0,1.16105e+17,1.1440646141687029e+17,782712450.0,2184440300.0,1700290000000.0,279013.8324678287,1.0624151e+17,-2.5663996e+17,3.635078e+17,1.0453144706354045e+17,-2.5557333e+17,3.6072413e+17,False,FIR
Casablanca FIR,99360,264474760000.0,1.2278381e+18,1.2038413886729398e+18,11129363000.0,34702500000.0,20665648000000.0,3406796.278888828,1.4332405e+18,-3.6696764e+18,5.100675e+18,1.405253120393402e+18,-3.494787e+18,4.898114e+18,False,FIR
Cayenne FIR,88544,7322719700.0,1.6817537e+17,1.6748907391162954e+17,323972450.0,1269117700.0,1294380800000.0,230594.42688548943,1.5740069e+17,-7.152774e+16,2.2945164e+17,1.5666964210132902e+17,-7.141921e+16,2.2860862e+17,False,FIR
Central America FIR,99360,162228960000.0,1.00754744e+18,9.9720984289556e+17,5356255000.0,18575060000.0,17714463000000.0,3250706.391888,9.739243e+17,-1.6171173e+18,2.594937e+18,9.640629253822212e+17,-1.613534e+18,2.5814458e+18,False,FIR
Chennai FIR,99360,690806400000.0,6.6585325e+18,6.54524070399585e+18,21155375000.0,72978880000.0,91685180000000.0,10756527.106939036,6.631989e+18,-6.927804e+18,1.3585275e+19,6.517540383097107e+18,-6.888285e+18,1.3431029e+19,False,FIR
Chicago FIR,99360,719765050000.0,7.4582727e+18,6.45075971510527e+18,37645984000.0,128393640000.0,141908150000000.0,11028499.415515527,8.843146e+18,-1.1294451e+19,2.0151194e+19,7.511045864810692e+18,-1.0248668e+19,1.7775458e+19,False,FIR
China,99360,8727124000000.0,3.1944914e+19,3.11074023913936e+19,189849420000.0,648518240000.0,631486300000000.0,87432502.62479793,3.3109673e+19,-6.1846223e+19,9.499954e+19,3.2303945800710267e+19,-5.9994065e+19,9.234319e+19,,RECT
Chisinau FIR,99306,9082293000.0,3.247123e+17,3.1805062425274746e+17,738408260.0,6760671700.0,6818416300000.0,1290708.648846785,7.485229e+17,-6.681115e+17,1.4114582e+18,7.180946467644818e+17,-6.0289184e+17,1.3163451e+18,True,FIR
Cleveland FIR,99360,591459840000.0,7.3776477e+18,6.352392035285019e+18,39927906000.0,123572440000.0,136128890000000.0,10371566.392676998,6.710614e+18,-1.1159414e+19,1.790645e+19,5.661048795413169e+18,-1.0017019e+19,1.5710292e+19,False,FIR
Colombo FIR,99360,95266500000.0,3.15146e+18,3.1216189886441646e+18,8454801000.0,33455157000.0,41054820000000.0,5993055.073328102,3.2903872e+18,-3.0782414e+18,6.376481e+18,3.258157771442299e+18,-3.0694835e+18,6.335436e+18,False,FIR
Comodoro Rivadavia FIR,98760,14952948000.0,1.11392794e+17,1.0945669147975179e+17,1261900300.0,5737724400.0,5833237000000.0,938143.0258261685,1.9425505e+17,-7.71618e+17,9.648539e+17,1.9092781175275584e+17,-7.6929296e+17,9.592099e+17,False,FIR
Continental Europe,99360,8687348000000.0,1.5810865e+20,1.3851358468624045e+20,672368000000.0,2161716400000.0,2090603500000000.0,212670841.3288065,1.4531599e+20,-2.3641569e+20,3.8209363e+20,1.2760056470059011e+20,-2.0607325e+20,3.340404e+20,,RECT
Copenhagen FIR,99360,128914770000.0,3.1251628e+18,2.911705866440454e+18,10035860000.0,35868740000.0,34665467000000.0,5683572.330623313,2.2776478e+18,-3.0712073e+18,5.3559927e+18,2.087972249953912e+18,-2.8077855e+18,4.90398e+18,True,FIR
Cordoba FIR,99360,49742360000.0,4.144127e+17,4.1125004719275014e+17,1446186000.0,2742227700.0,2105244000000.0,253569.29015253967,1.9362056e+17,-1.8764362e+17,3.852336e+17,1.925073300133066e+17,-1.8694967e+17,3.8339558e+17,False,FIR
Curacao FIR,98540,26347823000.0,3.771018e+17,3.729477338900965e+17,906693700.0,4293459700.0,3679575600000.0,845723.8300605168,3.6794995e+17,-4.7877615e+17,8.4735204e+17,3.638659653821889e+17,-4.7627662e+17,8.407667e+17,False,FIR
Curitiba FIR,99360,276246170000.0,1.3551952e+18,1.3445947595481595e+18,7533458400.0,25527906000.0,19488265000000.0,3269662.744037133,1.5223772e+18,-1.8038246e+18,3.3291296e+18,1.5085843221123958e+18,-1.7932484e+18,3.3047694e+18,False,FIR
Dakar FIR,99360,153781620000.0,3.5728793e+18,3.544021602305188e+18,7225937000.0,27477856000.0,26672892000000.0,4142320.7396746497,3.5998992e+18,-1.8115534e+18,5.4158413e+18,3.571266388235956e+18,-1.8051746e+18,5.380782e+18,False,FIR
Damascus FIR,99360,29253638000.0,9.057615e+16,8.978949838305696e+16,449382880.0,1406802300.0,1217352700000.0,266026.22198424675,1.1149464e+17,-1.2159192e+17,2.3276843e+17,1.0973455467632589e+17,-1.1931522e+17,2.2876126e+17,False,FIR
Dar-Es-Salaam FIR,99358,32979556000.0,3.6347446e+17,3.606348557081563e+17,1467860200.0,5390190600.0,5305667000000.0,960581.0103456225,3.6824747e+17,-4.194581e+17,7.885067e+17,3.6537538884984365e+17,-4.1876807e+17,7.849384e+17,False,FIR
Dashoguz FIR,95901,5797905400.0,1.1107748e+17,1.1058300330630688e+17,402132600.0,1872387700.0,1716833900000.0,340580.49202382826,1.4524933e+17,-1.7786894e+17,3.226878e+17,1.453631463978126e+17,-1.7253784e+17,3.1748804e+17,False,FIR
Delhi FIR,99360,306600500000.0,3.237681e+17,3.188079791521701e+17,2712458200.0,9018892000.0,8765317300000.0,1120960.4451585233,4.934237e+17,-8.5621774e+17,1.3489567e+18,4.859520333655946e+17,-8.431757e+17,1.3284852e+18,False,FIR
Denver FIR,99360,1036646600000.0,1.2561666e+19,1.0988497776041193e+19,66662404000.0,169527310000.0,169351060000000.0,13179621.8774147,1.0500543e+19,-1.7494596e+19,2.805326e+19,9.208164314199007e+18,-1.6265612e+19,2.5529609e+19,False,FIR
Dhaka FIR,99360,56144990000.0,1.3743457e+17,1.3588430588683099e+17,757780300.0,2504708400.0,2085193000000.0,321838.3510685517,1.336464e+17,-1.205514e+17,2.5477119e+17,1.3221609232283144e+17,-1.2001789e+17,2.5280083e+17,False,FIR
Dnipro FIR,99083,13148570000.0,5.995246e+17,5.826068867038234e+17,1255201300.0,13326766000.0,13164028000000.0,3346129.615829188,1.4286267e+18,-1.1008183e+18,2.516371e+18,1.376923088700547e+18,-1.0521651e+18,2.4170218e+18,True,FIR
Dushanbe FIR,98580,4108642800.0,4.781948e+16,4.752921037369352e+16,226049310.0,1622660900.0,1703140800000.0,294824.4611354823,1.32011884e+17,-7.933166e+16,2.1041361e+17,1.3066181027604294e+17,-7.815646e+16,2.0790064e+17,False,FIR
East Asia,99360,8126361000000.0,2.5134372e+19,2.409437055087558e+19,149370500000.0,520799160000.0,525755170000000.0,61378247.50955937,2.483495e+19,-4.911828e+19,7.40258e+19,2.3804674877778805e+19,-4.7747454e+19,7.162585e+19,,RECT
Edmonton FIR,99360,398582020000.0,7.592609e+18,7.507266458508109e+18,32107411000.0,124702770000.0,130565330000000.0,24379964.832823463,7.7030295e+18,-1.218298e+19,1.988786e+19,7.610290758356864e+18,-1.200697e+19,1.9619598e+19,False,FIR
Emirates FIR,99360,177959730000.0,1.2094056e+17,1.1910182847389782e+17,606509000.0,1206746900.0,753651800000.0,134424.08615681823,1.12295236e+17,-6.0337535e+16,1.7326778e+17,1.1091238437443226e+17,-5.9774353e+16,1.7131894e+17,False,FIR
Entebbe FIR,94353,5426708000.0,7.611369e+16,7.580842920375414e+16,314093540.0,1051714600.0,966474200000.0,169055.6173489903,8.1097134e+16,-6.3620556e+16,1.4475583e+17,8.077644075683178e+16,-6.3565207e+16,1.4438046e+17,False,FIR
European Airspace,99360,12966068000000.0,2.5471995e+20,2.3044921243225856e+20,986170500000.0,3446090200000.0,3377313200000000.0,406075727.46558136,2.4969416e+20,-3.6244576e+20,6.124649e+20,2.2601039956815784e+20,-3.2223157e+20,5.4860335e+20,,RECT
Ezeiza FIR,99360,70995034000.0,3.929879e+17,3.8840578286538835e+17,2752229000.0,9455484000.0,8562835000000.0,1290713.7135426174,4.3858928e+17,-1.06357615e+18,1.5036786e+18,4.33065409706696e+17,-1.0567803e+18,1.4913449e+18,False,FIR
Fort Worth FIR,99360,717177200000.0,3.831273e+18,3.555474217186794e+18,23876194000.0,50835270000.0,40480155000000.0,3923853.6663279966,2.7396792e+18,-4.2065748e+18,6.9735475e+18,2.587180793670881e+18,-4.0780914e+18,6.691247e+18,False,FIR
Fukuoka FIR,99360,1808990900000.0,9.1822783e+18,8.959253526343436e+18,54085997000.0,192371900000.0,176026270000000.0,23889586.257060073,9.743273e+18,-1.4407432e+19,2.4172143e+19,9.49466565773804e+18,-1.4177185e+19,2.369387e+19,False,FIR
Gaborone FIR,99095,20762810000.0,9.446733e+16,9.369746926469262e+16,385597300.0,1149853200.0,1030150900000.0,158441.917772506,7.6056234e+16,-8.941912e+16,1.6587035e+17,7.553493823790406e+16,-8.931958e+16,1.6524388e+17,False,FIR
Gander FIR,99360,960919040000.0,3.4499108e+19,3.286016240176174e+19,89296900000.0,333807100000.0,396175670000000.0,46716196.69100145,3.285082e+19,-2.5850959e+19,5.8770656e+19,3.1171966340363997e+19,-2.467391e+19,5.5915967e+19,False,FIR
Georgetown FIR,98531,15887004000.0,3.0576872e+17,3.033309081727197e+17,725994900.0,2306025000.0,2589802400000.0,321596.26125025534,2.7450945e+17,-1.6500383e+17,4.4096962e+17,2.7243425993495632e+17,-1.6438027e+17,4.382577e+17,False,FIR
Global,100740,60854010000000.0,8.29483e+20,7.716292165828328e+20,3227577500000.0,11486439000000.0,1.1276899e+16,1539506592.208714,8.298887e+20,-1.0386758e+21,1.8698356e+21,7.717040480494686e+20,-9.690562e+20,1.7495843e+21,,RECT
Guangzhou FIR,99360,1101725600000.0,7.518361e+17,7.386723647098028e+17,3130133500.0,8720480000.0,7559808300000.0,1053510.223141517,6.386068e+17,-4.6701385e+17,1.10971736e+18,6.301929171697349e+17,-4.645856e+17,1.0987868e+18,False,FIR
Guayaquil FIR/UIR,99360,53684400000.0,3.6897205e+17,3.668719130505239e+17,1298961900.0,4833924000.0,4977950500000.0,804224.1361745617,3.8812255e+17,-3.030893e+17,6.922296e+17,3.859010756341999e+17,-3.023792e+17,6.8928604e+17,False,FIR
Habana FIR/UIR,99360,131495950000.0,6.1141794e+17,5.990969768401302e+17,3687340000.0,11884132000.0,9211493000000.0,1592106.9957353447,5.6531095e+17,-1.2550117e+18,1.8219044e+18,5.547217005125756e+17,-1.2443875e+18,1.8006856e+18,False,FIR
Hanoi FIR,99360,158198610000.0,2.0930475e+17,2.044126203062595e+17,934736060.0,3815443000.0,3794908200000.0,560991.6629054009,2.1374893e+17,-2.8988902e+17,5.0382928e+17,2.0950718207431178e+17,-2.8663444e+17,4.9633786e+17,False,FIR
Harare FIR,98887,15299656000.0,7.485976e+16,7.431037716773726e+16,351762660.0,1204906600.0,1132589700000.0,201438.91405957672,6.8670583e+16,-7.258437e+16,1.415445e+17,6.814681128798262e+16,-7.249206e+16,1.40926604e+17,False,FIR
Helsinki FIR,99360,67732713000.0,1.7221219e+18,1.6853150200233224e+18,4521180700.0,26723584000.0,27389883000000.0,7271492.224048538,2.389859e+18,-1.3488119e+18,3.7340283e+18,2.301384437763207e+18,-1.2918065e+18,3.5895286e+18,True,FIR
Ho Chi Minh FIR,99360,435112200000.0,5.0409656e+18,4.872724894710077e+18,14020088000.0,57727710000.0,65938350000000.0,7474939.556256999,4.90569e+18,-6.113231e+18,1.1029643e+19,4.744655854870941e+18,-6.035595e+18,1.0790923e+19,False,FIR
Hong Kong FIR,99360,344501030000.0,7.68555e+17,7.288184404144634e+17,3884945700.0,15903213000.0,15062418000000.0,1893142.5646281443,7.986627e+17,-1.4248486e+18,2.2241134e+18,7.545288182434089e+17,-1.3952903e+18,2.150525e+18,False,FIR
Honiara FIR,83206,4488630300.0,4.317204e+16,4.282693240859361e+16,430024400.0,1828916100.0,1716322400000.0,317411.87421693123,3.9848286e+16,-1.4518331e+17,1.8525003e+17,3.951740516182846e+16,-1.4515247e+17,1.8488539e+17,False,FIR
Houston FIR,99360,717821440000.0,4.5048083e+18,4.28313952555874e+18,23130216000.0,51118850000.0,36243736000000.0,4902031.776407687,3.0281386e+18,-3.7531546e+18,6.806584e+18,2.927726997430263e+18,-3.6808397e+18,6.632846e+18,False,FIR
Incheon FIR,99360,424733200000.0,8.979144e+17,8.648197122987162e+17,7459378000.0,23745774000.0,23504745000000.0,2599613.1795234187,8.833041e+17,-2.1393567e+18,3.0248346e+18,8.484410034330724e+17,-2.0847072e+18,2.9356466e+18,False,FIR
India,99360,2485914700000.0,1.2155584e+19,1.1977156762406484e+19,48908034000.0,159229400000.0,176012710000000.0,22657187.406588886,1.2196997e+19,-1.2888015e+19,2.513233e+19,1.2018051220077808e+19,-1.2800174e+19,2.4865068e+19,,RECT
Indianapolis FIR,99360,690682700000.0,7.2355067e+18,6.145738850302242e+18,46345790000.0,130856080000.0,124377660000000.0,10137261.494798342,6.190844e+18,-1.0755886e+19,1.6972472e+19,5.349912860891133e+18,-9.785066e+18,1.5156758e+19,False,FIR
Irkutsk FIR,99360,89587110000.0,1.7318885e+18,1.737973675210843e+18,13721492000.0,68011270000.0,60560740000000.0,14705198.375139013,3.2104923e+18,-7.6015204e+18,1.0793034e+19,3.258838839715597e+18,-7.346258e+18,1.0585875e+19,False,FIR
Isla De Pascua FIR,86008,6813782000.0,2.8521816e+17,2.834472222272525e+17,641669950.0,2856938200.0,2905517900000.0,564550.9710667989,2.7806017e+17,-1.8772292e+17,4.6605886e+17,2.764479137393762e+17,-1.8753937e+17,4.642597e+17,False,FIR
Istanbul FIR,99360,359359680000.0,2.6814505e+18,2.540785691900796e+18,10627227000.0,33055234000.0,31446390000000.0,3536264.4173913104,2.3949485e+18,-3.6079534e+18,6.0103533e+18,2.252542459907349e+18,-3.3038703e+18,5.5638664e+18,True,FIR
Jacksonville FIR,99360,930459000000.0,8.630582e+18,7.749483927320429e+18,47998200000.0,119565020000.0,90831880000000.0,8877103.482236085,5.9700095e+18,-9.918137e+18,1.5932939e+19,5.418794246981518e+18,-9.409699e+18,1.4869004e+19,False,FIR
Jakarta FIR,99360,519901450000.0,7.625531e+18,7.469121788224161e+18,24695792000.0,115447430000.0,125685010000000.0,19321251.569111776,8.490158e+18,-1.0546442e+19,1.904158e+19,8.308693872564979e+18,-1.0460595e+19,1.8774618e+19,False,FIR
Jeddah FIR,99360,571267740000.0,1.4036466e+18,1.3774175049514844e+18,5556010500.0,12302755000.0,10270310000000.0,1110847.9022896648,1.2895387e+18,-8.088315e+17,2.1074585e+18,1.2686542732288246e+18,-7.988417e+17,2.076445e+18,False,FIR
Johannesburg FIR,99355,78909920000.0,1.6418815e+17,1.6262008573441024e+17,978707500.0,2736108300.0,2062844000000.0,334704.13749065885,1.6341658e+17,-2.3518155e+17,3.9936733e+17,1.6177700525984128e+17,-2.3431198e+17,3.9685453e+17,False,FIR
Johannesburg Oceanic FIR,89428,9309417000.0,1.7790557e+17,1.7694517789820144e+17,427973630.0,1558789900.0,1711618800000.0,298601.1736256245,1.6247375e+17,-1.2328425e+17,2.8634784e+17,1.6162847721301085e+17,-1.232058e+17,2.8542102e+17,False,FIR
Kabul FIR,99320,55408520000.0,3.600333e+17,3.571597061729129e+17,1762449300.0,5363440000.0,4870282000000.0,697295.7252108065,3.442996e+17,-2.6241085e+17,6.071458e+17,3.411867241460293e+17,-2.5950119e+17,6.0114335e+17,False,FIR
Kaliningrad FIR,99351,14826630000.0,6.298688e+17,5.818925968340287e+17,1400344400.0,10537990000.0,11212567000000.0,1826815.813747777,1.0709777e+18,-9.007073e+17,1.9724725e+18,9.835700249853533e+17,-8.005992e+17,1.7849962e+18,False,FIR
Kano FIR,99359,48073392000.0,9.5793865e+17,9.508821218229624e+17,2538989300.0,9963027000.0,10379730000000.0,1673550.6368773044,9.698201e+17,-8.179068e+17,1.7889278e+18,9.627213220974208e+17,-8.1647974e+17,1.780389e+18,False,FIR
Kansas City FIR,99360,801620600000.0,1.1290509e+19,9.84697160318222e+18,53882020000.0,141720760000.0,135672850000000.0,10656026.89366772,8.9424457e+18,-1.2741791e+19,2.1732098e+19,7.950801210568049e+18,-1.1803305e+19,1.9798477e+19,False,FIR
Karachi FIR,99360,186442940000.0,4.38328e+17,4.323786015475019e+17,2274201600.0,6242950700.0,4881511400000.0,728200.3495049664,4.4387003e+17,-5.0715558e+17,9.529962e+17,4.3686057963819194e+17,-5.0012936e+17,9.389634e+17,False,FIR
Kathmandu FIR,94132,11546986000.0,1.4851929e+16,1.4782291200459142e+16,106745060.0,766656300.0,856196600000.0,124455.32913440917,4.5084796e+16,-5.822684e+16,1.0294439e+17,4.4500489654077176e+16,-5.7478297e+16,1.016184e+17,False,FIR
Khabarovsk FIR,99360,155224310000.0,1.8571121e+18,1.8384393724690732e+18,11812338000.0,42921430000.0,39382023000000.0,7385195.337768719,2.0301921e+18,-4.1687019e+18,6.1981175e+18,2.010778398314118e+18,-4.113401e+18,6.123463e+18,False,FIR
Khartoum FIR,99360,81252500000.0,8.4715144e+17,8.428378382071717e+17,2471099400.0,7146907600.0,6269517000000.0,969510.4698965942,8.919617e+17,-3.9867787e+17,1.2929887e+18,8.875878858813933e+17,-3.9800648e+17,1.2879085e+18,False,FIR
Kiev FIR,99360,48996344000.0,1.6114878e+18,1.5711215208610248e+18,3709245400.0,26800138000.0,26319210000000.0,5717400.254499307,2.7209757e+18,-2.3673417e+18,5.072467e+18,2.6261407922027167e+18,-2.2090652e+18,4.8211463e+18,True,FIR
Kigali FIR,61557,605523700.0,7160869000000000.0,7123402971111152.0,24536030.0,83383670.0,80485740000.0,15592.38466468254,8259772400000000.0,-7134529000000000.0,1.5392105e+16,8224900981875620.0,-7130358000000000.0,1.5352881e+16,False,FIR
Kingston FIR,99360,71001470000.0,4.6928496e+17,4.6222630866445466e+17,2070650600.0,7853390300.0,7317682000000.0,1215641.789240136,4.73242e+17,-9.015454e+17,1.3757777e+18,4.663053968053385e+17,-8.971597e+17,1.3644535e+18,False,FIR
Kinshasa FIR,99321,27035300000.0,1.3370053e+18,1.3294829157813414e+18,2972270800.0,11250563000.0,12566895000000.0,1799130.272377583,1.2087705e+18,-8.680502e+17,2.0809944e+18,1.2020350803609802e+18,-8.667174e+17,2.0728937e+18,False,FIR
Kolkata FIR,99360,455354400000.0,1.512686e+18,1.4924535884034038e+18,7895265300.0,25513697000.0,24709907000000.0,3518870.6834207303,1.5337497e+18,-1.5504984e+18,3.089984e+18,1.5128720594302584e+18,-1.5419356e+18,3.0605044e+18,False,FIR
Kota Kinabalu FIR,99360,92495520000.0,1.0806124e+18,1.0667887680298856e+18,4602500600.0,16984268000.0,18934300000000.0,2487688.1805730066,1.1017669e+18,-1.5693749e+18,2.67412e+18,1.0884445601088541e+18,-1.5620844e+18,2.6534586e+18,False,FIR
Kotlas FIR,99344,15714418000.0,1.4136163e+18,1.3693097779636193e+18,2310105000.0,10739327000.0,10227701000000.0,2517637.987529372,1.142512e+18,-3.6614785e+17,1.5113314e+18,1.0951138916752548e+18,-3.3984874e+17,1.4376804e+18,False,FIR
Krasnoyarsk FIR,99360,157915730000.0,6.0087843e+18,6.089032220157378e+18,26544603000.0,132790630000.0,118905970000000.0,30315679.901434362,8.765418e+18,-1.1262255e+19,2.0004117e+19,8.872835291513167e+18,-1.0597774e+19,1.9447724e+19,False,FIR
Kuala Lumpur FIR,99360,319493140000.0,3.1793033e+18,3.100974435289586e+18,9742568000.0,36157770000.0,41563254000000.0,5412253.899497097,2.7841443e+18,-3.968441e+18,6.762791e+18,2.7143821515125094e+18,-3.922704e+18,6.6472135e+18,False,FIR
Kunming FIR,99360,533775650000.0,6.299398e+17,6.19761124408539e+17,3098522000.0,6876246500.0,6251640000000.0,724449.5035194407,4.7665375e+17,-3.7377867e+17,8.560273e+17,4.713355454679735e+17,-3.7056404e+17,8.4739815e+17,False,FIR
Kuwait FIR,99360,56627990000.0,8.0149295e+16,7.808087271699093e+16,764758400.0,672575550.0,426057830000.0,45298.995012708314,2.1704707e+16,-4.49474e+16,6.6525483e+16,2.149505101985696e+16,-4.443422e+16,6.5800595e+16,False,FIR
La Paz FIR,99360,42433348000.0,6.174508e+17,6.138430362290025e+17,1879300600.0,7747709400.0,7755234500000.0,1310314.157353305,5.7189812e+17,-5.2572296e+17,1.0992508e+18,5.684905029259213e+17,-5.250191e+17,1.09512946e+18,False,FIR
Lahore FIR,99340,66926000000.0,2.9552667e+17,2.917799829056445e+17,1708159200.0,5045661000.0,4833129500000.0,596790.5694049584,2.8289244e+17,-3.4858384e+17,6.328185e+17,2.790372649307372e+17,-3.442878e+17,6.246572e+17,False,FIR
Langen FIR,99360,551455360000.0,1.0903234e+19,9.191118779224111e+18,39723037000.0,119838190000.0,120026840000000.0,9563106.645640759,8.695111e+18,-1.2361428e+19,2.1103786e+19,7.272454497799452e+18,-1.0121518e+19,1.7434265e+19,True,FIR
Lanzhou FIR,99360,254716050000.0,1.9981914e+18,1.955937016520504e+18,12422029000.0,32010983000.0,31441929000000.0,3685138.0655864202,1.6378665e+18,-2.8955262e+18,4.5420935e+18,1.6187521852883773e+18,-2.8534845e+18,4.4806998e+18,False,FIR
Latin America,99360,2213448500000.0,2.0771463e+19,2.058579050250819e+19,79573746000.0,281787730000.0,269832830000000.0,44706256.76165876,2.0417346e+19,-2.1803168e+19,4.2275426e+19,2.0235189239996727e+19,-2.1702101e+19,4.199179e+19,,RECT
Lilongwe FIR,96023,5978111500.0,5.892423e+16,5.828503010264577e+16,474043520.0,1407892100.0,1425991700000.0,215986.31268232473,3.6477454e+16,-9.0411845e+16,1.2726774e+17,3.6027321609424096e+16,-9.02882e+16,1.26689844e+17,False,FIR
Lima FIR,99360,193525730000.0,1.703643e+18,1.6910618427741699e+18,5957266000.0,22498212000.0,22977510000000.0,3705825.1370612336,1.6960041e+18,-1.5615664e+18,3.2608095e+18,1.6835164203073103e+18,-1.5573217e+18,3.244047e+18,False,FIR
Lisboa FIR,99353,324667830000.0,4.620653e+18,4.3405910976990044e+18,25387137000.0,63192530000.0,46274370000000.0,6283909.470515439,2.8403255e+18,-7.588779e+18,1.0449922e+19,2.7591390708613007e+18,-7.200531e+18,9.979313e+18,True,FIR
Ljubljana FIR,99354,44277002000.0,9.342042e+17,7.972885145491319e+17,4443375600.0,11266210000.0,11512082000000.0,885847.3655379884,7.181494e+17,-1.391084e+18,2.1073075e+18,6.18259179427924e+17,-1.1751455e+18,1.7929479e+18,True,FIR
London FIR,99360,782325000000.0,1.0097122e+19,8.981189563135104e+18,49095926000.0,152366250000.0,154917220000000.0,16505547.039090127,7.55623e+18,-1.8392856e+19,2.5983628e+19,6.898567226585487e+18,-1.6374316e+19,2.3305235e+19,True,FIR
Los Angeles FIR,99360,825015400000.0,2.5841847e+18,2.2960954722765076e+18,19069307000.0,38728937000.0,30454970000000.0,3110978.181302246,1.773321e+18,-3.8937332e+18,5.6834086e+18,1.6301759632881298e+18,-3.7165258e+18,5.3616107e+18,False,FIR
Luanda FIR,99350,36175614000.0,9.278644e+17,9.237829013349347e+17,2171792000.0,9784608000.0,10316877000000.0,1758802.609774468,9.7622744e+17,-6.853619e+17,1.6615756e+18,9.719288189406702e+17,-6.8368114e+17,1.6555936e+18,False,FIR
Lusaka FIR,98305,12112374000.0,1.8417205e+17,1.828945660887169e+17,717377860.0,3226861800.0,3231411300000.0,612330.8013531105,1.943382e+17,-2.3473359e+17,4.291724e+17,1.929113443633414e+17,-2.343522e+17,4.2736505e+17,False,FIR
Lvov FIR,99358,48717710000.0,1.9471886e+18,1.8521753156231803e+18,5482725400.0,40313455000.0,40938080000000.0,6345902.2589930575,3.7673895e+18,-3.916519e+18,7.662722e+18,3.474224316836767e+18,-3.5220705e+18,6.9793485e+18,True,FIR
Madrid FIR,99360,637192500000.0,8.08652e+18,7.206306964844239e+18,50054103000.0,142226280000.0,117240284000000.0,11474436.673608322,8.2906244e+18,-1.6525852e+19,2.4834858e+19,7.585597909335804e+18,-1.5067435e+19,2.266904e+19,True,FIR
Magadan FIR,99357,101726390000.0,3.0611014e+18,3.0181693376455526e+18,8609618000.0,38778995000.0,33658482000000.0,9725966.292505475,3.245947e+18,-2.1503895e+18,5.3961084e+18,3.200966751258543e+18,-2.1161955e+18,5.316993e+18,False,FIR
Maiquetia FIR,99350,27548133000.0,6.0924104e+17,6.05473734760079e+17,1671343600.0,8551073000.0,8030436500000.0,1756926.6238555613,7.280193e+17,-6.712245e+17,1.398356e+18,7.230884300438702e+17,-6.695353e+17,1.3917622e+18,False,FIR
Male FIR,99284,15485666000.0,2.7829978e+17,2.7553573951608634e+17,1106402300.0,5404245000.0,6667368000000.0,1071994.119266179,3.3126224e+17,-7.506362e+17,1.08148575e+18,3.2791743324244806e+17,-7.492683e+17,1.07677435e+18,False,FIR
Malta FIR,99357,53221097000.0,2.149909e+17,2.091767310451712e+17,1285769900.0,2065983500.0,1099684000000.0,187631.8672726513,6.8253335e+16,-1.610899e+17,2.300138e+17,6.742857801273759e+16,-1.5894143e+17,2.2702835e+17,True,FIR
Manila FIR,99360,534638560000.0,4.414304e+18,4.3523039918648156e+18,17963514000.0,69867440000.0,72670540000000.0,10410897.131553026,4.2675655e+18,-5.7998546e+18,1.0082e+19,4.206286605084256e+18,-5.7581897e+18,9.979021e+18,False,FIR
Marseille FIR,99359,456716780000.0,4.866672e+18,4.1777445072646323e+18,32202568000.0,102038690000.0,97953270000000.0,8418662.777689205,5.5889985e+18,-1.3017534e+19,1.859113e+19,4.722479012000032e+18,-1.1437215e+19,1.6152233e+19,True,FIR
Mauritius FIR,99206,16996520000.0,3.3621574e+17,3.3474249125717165e+17,872917950.0,3803223800.0,4058780800000.0,714540.7087432098,3.5953295e+17,-3.0833993e+17,6.6832364e+17,3.579371140677908e+17,-3.0800904e+17,6.663941e+17,False,FIR
Melbourne FIR,99360,806160800000.0,3.406597e+18,3.366091797293634e+18,14914509000.0,44637516000.0,43547060000000.0,6619950.809059637,3.463824e+18,-4.833339e+18,8.304469e+18,3.425409911093137e+18,-4.8059005e+18,8.2384867e+18,False,FIR
Memphis FIR,99360,735797300000.0,6.0953786e+18,5.387862882007038e+18,43450393000.0,106675495000.0,87829090000000.0,7978251.204543154,4.81337e+18,-8.404683e+18,1.324923e+19,4.3791954726792873e+18,-7.918547e+18,1.2326184e+19,False,FIR
Mendoza FIR,98972,18573027000.0,9.678226e+16,9.568653105555678e+16,520364860.0,1272347600.0,1233704800000.0,103241.07743540565,6.649269e+16,-1.6531882e+17,2.3201851e+17,6.5804514363586984e+16,-1.644942e+17,2.3048507e+17,False,FIR
Mexico FIR,99360,891797200000.0,4.0779264e+18,3.9837997901405036e+18,27470895000.0,65561880000.0,53395277000000.0,7085794.137815728,3.224913e+18,-6.811933e+18,1.0061876e+19,3.159006481970917e+18,-6.739174e+18,9.922859e+18,False,FIR
Miami FIR/UIR,99360,734262460000.0,2.672053e+18,2.5832616768826184e+18,19079877000.0,58305507000.0,42609320000000.0,6523464.699556507,2.5591752e+18,-5.546816e+18,8.1134205e+18,2.4596808621301253e+18,-5.4305566e+18,7.897959e+18,False,FIR
Milano FIR,99360,382270670000.0,4.747903e+18,4.0835177707057326e+18,25750049000.0,79441860000.0,78316766000000.0,6748038.862395447,5.503424e+18,-8.84329e+18,1.4347545e+19,4.744899345151442e+18,-7.6549203e+18,1.2404988e+19,True,FIR
Minneapolis FIR,99360,775227970000.0,1.4180698e+19,1.2783371957366645e+19,56771195000.0,203532010000.0,229226410000000.0,22447629.535580024,1.6010389e+19,-1.7613886e+19,3.36427e+19,1.4493247315062776e+19,-1.6494418e+19,3.1007547e+19,False,FIR
Minsk FIR,99359,141096470000.0,8.846456e+18,8.091554176952164e+18,18124526000.0,78126540000.0,75645890000000.0,11470778.720148843,8.0015656e+18,-5.371312e+18,1.3384852e+19,7.333150680758489e+18,-4.835817e+18,1.2181185e+19,False,FIR
Mogadishu FIR/UIR,99348,61294200000.0,9.9611617e+17,9.887156443384416e+17,2397073000.0,6181875700.0,6048325300000.0,820583.2474423221,9.295182e+17,-5.4469943e+17,1.4789788e+18,9.227566796657167e+17,-5.4293537e+17,1.4704027e+18,False,FIR
Moncton FIR,99360,190299640000.0,7.62034e+18,7.098283020023662e+18,18587986000.0,66703348000.0,83425730000000.0,7564673.609310077,6.635173e+18,-5.1220826e+18,1.1790942e+19,6.12374131627095e+18,-4.912052e+18,1.1068576e+19,False,FIR
Montevideo FIR,99360,20578886000.0,1.4271995e+17,1.4153672213149077e+17,1099928000.0,5226435000.0,4326879100000.0,933132.0451093944,2.8749979e+17,-3.8648734e+17,6.728459e+17,2.848316764388319e+17,-3.831841e+17,6.6689015e+17,False,FIR
Montreal FIR,99360,360018400000.0,5.7337547e+18,5.555750999871197e+18,21642852000.0,83012920000.0,94561400000000.0,13264148.37746222,6.0207393e+18,-5.8233726e+18,1.1849056e+19,5.809783168596657e+18,-5.675427e+18,1.1491437e+19,False,FIR
Moscow FIR,99360,580585300000.0,3.361449e+19,3.1241419010466152e+19,65539360000.0,286356770000.0,276625770000000.0,43579166.40559744,2.8692004e+19,-1.8785092e+19,4.7553267e+19,2.654727178642188e+19,-1.6784211e+19,4.340456e+19,False,FIR
Mumbai FIR,99360,933180300000.0,3.669277e+18,3.624242382050203e+18,13372911000.0,45512900000.0,47577257000000.0,6983203.394122513,3.818914e+18,-3.964065e+18,7.794451e+18,3.769300684191853e+18,-3.9348302e+18,7.7155617e+18,False,FIR
Munchen FIR,99360,348982640000.0,7.724067e+18,6.683499032177635e+18,28675940000.0,103366910000.0,106331450000000.0,8680642.173215276,7.935343e+18,-1.0948156e+19,1.8898975e+19,6.73175948453342e+18,-8.7824255e+18,1.5533255e+19,True,FIR
Murmansk FIR,98986,19646090000.0,6.019706e+17,5.975290649577665e+17,1283985800.0,7292760000.0,6387589000000.0,2425858.3664753693,6.872104e+17,-2.1920347e+17,9.054068e+17,6.816981771140406e+17,-2.1730598e+17,8.980201e+17,False,FIR
Muscat FIR,99360,351742000000.0,8.128041e+17,7.945202799538684e+17,2804949000.0,6302867000.0,4982563000000.0,618024.2566990237,7.1369204e+17,-5.0452936e+17,1.2228414e+18,6.994032671068986e+17,-4.929502e+17,1.1968489e+18,False,FIR
N'Djamena FIR,99224,35524547000.0,9.730718e+17,9.665842996118689e+17,1748329300.0,6698896400.0,6827226400000.0,1072404.8936663321,1.055276e+18,-4.852958e+17,1.5413364e+18,1.0481011006196182e+18,-4.8401464e+17,1.5328749e+18,False,FIR
Nadi FIR,99360,68706644000.0,8.2212656e+17,8.043052754386904e+17,3795587600.0,11476872000.0,12239225000000.0,1709569.7626281586,7.975036e+17,-9.237552e+17,1.7251197e+18,7.780507210582804e+17,-9.078658e+17,1.6896705e+18,False,FIR
Nairobi FIR,99360,46721140000.0,3.423373e+17,3.398888952750874e+17,1039889900.0,2971164700.0,2581349800000.0,433445.09189828124,3.8422767e+17,-2.1261662e+17,5.9747654e+17,3.8126440190146e+17,-2.1217307e+17,5.9406277e+17,False,FIR
Nauru FIR,43228,1303943700.0,768141900000000.0,650860426189750.0,98716580.0,382784960.0,430517260000.0,67483.05220039682,90099890000000.0,-5.0906315e+16,5.1016974e+16,-17468016584366.375,-5.0901302e+16,5.0904013e+16,False,FIR
New York FIR,99360,502369980000.0,3.4726054e+18,3.172105468558773e+18,19977261000.0,125750270000.0,136593560000000.0,13546150.3964996,8.4046333e+18,-1.159741e+19,1.9980136e+19,7.341045045681171e+18,-1.0616088e+19,1.7946747e+19,False,FIR
New York Oceanic FIR,99360,548379130000.0,1.7740532e+19,1.744120395681496e+19,60130530000.0,288278940000.0,267926030000000.0,45393454.27335383,2.5617884e+19,-2.125582e+19,4.6776602e+19,2.4688453043105894e+19,-2.0691635e+19,4.529962e+19,False,FIR
New Zealand FIR,99039,115344590000.0,3.534961e+17,3.377046569042405e+17,2438830800.0,8555785700.0,10066449000000.0,1445178.99720804,3.9705007e+17,-1.3907684e+18,1.786844e+18,3.870357914478235e+17,-1.3692249e+18,1.7552894e+18,False,FIR
Niamey FIR,99343,49120256000.0,9.798002e+17,9.742695709354282e+17,1855622500.0,6577315300.0,6559265500000.0,1049098.4431350392,9.5872995e+17,-4.5857204e+17,1.4194943e+18,9.533228844176937e+17,-4.5754256e+17,1.4130394e+18,False,FIR
Nicosia FIR,99360,145826700000.0,3.427383e+17,3.3218079454034035e+17,1789399700.0,5324320000.0,4171430400000.0,496689.80982382974,3.0219105e+17,-6.2268195e+17,9.2595255e+17,2.937300504844252e+17,-6.0094365e+17,8.9570684e+17,True,FIR
North Atlantic,99360,2888904000000.0,1.01515015e+20,9.65614417591253e+19,317496200000.0,1166980400000.0,1292491900000000.0,164640732.9917696,9.525135e+19,-1.11616905e+20,2.0701489e+20,9.083328537247995e+19,-1.0573931e+20,1.9672666e+20,,RECT
North Pacific,99360,28973336000000.0,5.916776e+20,5.472555077231763e+20,2198097200000.0,8052680000000.0,8046013000000000.0,1057612553.1441252,5.9701504e+20,-7.493096e+20,1.347049e+21,5.5178154656992474e+20,-6.8450724e+20,1.237085e+21,,RECT
Novosibirsk FIR,99360,188923990000.0,1.1801587e+19,1.1904245674266399e+19,32877170000.0,159176790000.0,141086900000000.0,31650940.171134043,1.2094243e+19,-1.2704159e+19,2.4800989e+19,1.2066975623221084e+19,-1.1684766e+19,2.3756328e+19,False,FIR
Nur-Sultan FIR,99360,69882570000.0,3.9722705e+18,3.934096572006597e+18,9813663000.0,69315560000.0,63342786000000.0,16591732.79173354,6.39116e+18,-5.2034223e+18,1.1569114e+19,6.313265318784979e+18,-4.9829647e+18,1.1271561e+19,False,FIR
Nuuk FIR,99354,143864220000.0,3.815931e+18,3.7708217801900626e+18,11107782000.0,52884947000.0,54454133000000.0,13313402.274521383,4.651895e+18,-2.9753554e+18,7.6224815e+18,4.5921997483980733e+18,-2.9195544e+18,7.5072823e+18,False,FIR
Oakland FIR,99360,576130100000.0,2.9436408e+18,2.685519826822757e+18,24049644000.0,47980683000.0,36778490000000.0,3890247.805275038,1.4747101e+18,-4.862362e+18,6.3571283e+18,1.3628036040226941e+18,-4.665628e+18,6.046964e+18,False,FIR
Oakland Oceanic FIR,99360,1133382600000.0,1.9767708e+19,1.950989843660784e+19,89476645000.0,294214270000.0,255478180000000.0,42609041.62754553,1.8611972e+19,-2.297306e+19,4.163208e+19,1.8383367017619507e+19,-2.2739475e+19,4.1169467e+19,False,FIR
Oceanica Mazatlan FIR,57751,2258616300.0,1.2606628e+16,1.2430033863237748e+16,94976520.0,386165600.0,337811100000.0,78147.2997643298,1.7277392e+16,-4.736075e+16,6.457254e+16,1.7080123030639102e+16,-4.734154e+16,6.435603e+16,False,FIR
Odessa FIR,99360,23722340000.0,8.827833e+17,8.666788653324886e+17,2179151400.0,13554763000.0,13329580000000.0,2421667.350265998,1.3421596e+18,-1.4660157e+18,2.805183e+18,1.3110576449669586e+18,-1.3156002e+18,2.6239818e+18,True,FIR
Osh FIR,97048,4766075400.0,1.105353e+17,1.0986400216872424e+17,477490850.0,1805913300.0,1633826100000.0,315791.7187080107,1.3248669e+17,-8.69057e+16,2.1901559e+17,1.3119166756261146e+17,-8.588588e+16,2.1671457e+17,False,FIR
Panama FIR,99360,109901430000.0,9.921052e+17,9.771705426358538e+17,4657588000.0,19713196000.0,20283800000000.0,3387735.2472526915,9.7361054e+17,-1.5865499e+18,2.5634597e+18,9.589418096679794e+17,-1.5810485e+18,2.5432633e+18,False,FIR
Paramaribo FIR,97376,9311242000.0,1.659478e+17,1.6500134742203546e+17,386748260.0,1307142400.0,1428606800000.0,226987.932875972,1.8622851e+17,-9.310492e+16,2.7945588e+17,1.8512608243152986e+17,-9.269447e+16,2.7794108e+17,False,FIR
Paris FIR,99360,547882040000.0,1.0843671e+19,8.862418459454853e+18,43200230000.0,127998610000.0,124504710000000.0,9492346.015934173,8.593815e+18,-1.4769659e+19,2.3407417e+19,7.027535899099468e+18,-1.2472522e+19,1.9537018e+19,True,FIR
Petropavlovsk-Kamchatsky FIR,99346,82684540000.0,1.7739086e+18,1.7507862091232732e+18,7157825000.0,28671482000.0,29526766000000.0,5652328.207568443,1.8552567e+18,-2.441781e+18,4.2965954e+18,1.8330692255346455e+18,-2.4105844e+18,4.2432515e+18,False,FIR
Phnom Penh FIR,99360,64555180000.0,3.4826306e+17,3.44080058817728e+17,995197440.0,5266630700.0,5489307400000.0,1062811.9595666179,4.1962057e+17,-3.7811573e+17,7.975434e+17,4.140663783099064e+17,-3.762948e+17,7.902058e+17,False,FIR
Piarco FIR,99360,73999204000.0,1.0649389e+18,1.0561744301568004e+18,2226364200.0,10125635000.0,10463803000000.0,1942572.876491685,1.1412232e+18,-1.0768578e+18,2.219203e+18,1.13163931730034e+18,-1.0722708e+18,2.2050248e+18,False,FIR
Polaris FIR,99350,153401030000.0,1.9854321e+18,1.945552553440677e+18,9195450000.0,33383188000.0,32505510000000.0,7124594.266180599,1.9135032e+18,-2.564702e+18,4.4766047e+18,1.8759067071650716e+18,-2.4859493e+18,4.3605922e+18,True,FIR
Port Moresby FIR,98586,23807773000.0,4.85711e+17,4.833955629855296e+17,3473102300.0,10369262000.0,9656588000000.0,1488842.174677516,4.3934523e+17,-6.166461e+17,1.0586668e+18,4.372813718812826e+17,-6.163048e+17,1.05623244e+18,False,FIR
Port-Au-Prince FIR,96450,8336639500.0,3.559565e+16,3.5092094628509564e+16,224791140.0,853691900.0,676925150000.0,166797.06420920516,3.8678977e+16,-9.890353e+16,1.3746887e+17,3.8125670493069064e+16,-9.851147e+16,1.36523825e+17,False,FIR
Praha FIR,99360,197805650000.0,5.5197716e+18,4.87194231790012e+18,19758200000.0,72314440000.0,73922544000000.0,6228779.576578658,6.229757e+18,-7.3539664e+18,1.3581061e+19,5.277646860912195e+18,-5.936086e+18,1.1217156e+19,True,FIR
Puerto Montt FIR,97076,15745390000.0,1.3017829e+17,1.2822726228767011e+17,1118999000.0,1455623800.0,1111800200000.0,110810.8964834656,6.359799e+16,-1.2671074e+17,1.9134787e+17,6.295997627363068e+16,-1.2650272e+17,1.9048579e+17,False,FIR
Punta Arenas FIR,91970,5171277300.0,1.04399144e+17,1.0355312318015179e+17,494384060.0,1285564400.0,1387328300000.0,235501.79902910054,9.9405815e+16,-9.086721e+16,1.9034792e+17,9.876003672246042e+16,-9.0628534e+16,1.8946247e+17,False,FIR
Pyongyang FIR,98991,23217166000.0,7.3693925e+16,7.320752739684792e+16,917691970.0,12550978000.0,14860566000000.0,1993796.857453068,6.28464e+17,-1.3949585e+18,2.0202872e+18,5.99063732841357e+17,-1.3335337e+18,1.9302156e+18,False,FIR
Recife FIR,99360,267173130000.0,2.510257e+18,2.4862602552454487e+18,7487469000.0,25513183000.0,23381469000000.0,3640009.1423291625,2.5175658e+18,-1.931892e+18,4.455819e+18,2.4924603874276557e+18,-1.9129108e+18,4.4117327e+18,False,FIR
Reims FIR,99353,116592810000.0,2.1753486e+18,1.873645177357398e+18,10427660000.0,42467353000.0,44216990000000.0,3583878.702693327,3.0814822e+18,-4.7263524e+18,7.801874e+18,2.634133453341115e+18,-3.8568276e+18,6.489093e+18,True,FIR
Resistencia FIR,99355,19766022000.0,2.0919143e+17,2.0764507541438848e+17,826218200.0,2087380700.0,1618928100000.0,241020.02403045414,1.7293574e+17,-1.2821202e+17,3.0132814e+17,1.7174032333712512e+17,-1.2768367e+17,2.995966e+17,False,FIR
Reykjavik FIR,99357,172744300000.0,4.850968e+18,4.765021027480325e+18,14218648000.0,82774650000.0,89271264000000.0,18634339.39550162,6.11844e+18,-5.9932224e+18,1.2099802e+19,5.965585117945525e+18,-5.797069e+18,1.1752031e+19,True,FIR
Riga FIR,99360,62748144000.0,3.097268e+18,2.9160102238449597e+18,6289903000.0,28566786000.0,29269118000000.0,4942656.044113983,2.8564182e+18,-1.9430017e+18,4.808504e+18,2.6389491692546396e+18,-1.7802808e+18,4.428416e+18,True,FIR
Roberts FIR,95326,6910017000.0,1.7777674e+17,1.7711655698062896e+17,516611620.0,1963864800.0,2182758400000.0,363101.6616271008,1.8267905e+17,-1.3375034e+17,3.1687423e+17,1.8199614857770378e+17,-1.3364658e+17,3.1608496e+17,False,FIR
Roma FIR,99359,345726650000.0,2.3240988e+18,2.1583769535595948e+18,14716599000.0,41916707000.0,35574707000000.0,4350431.264530311,2.3218107e+18,-4.576791e+18,6.9066763e+18,2.1649317278939653e+18,-4.2619223e+18,6.434655e+18,True,FIR
Rostov-Na-Donu FIR,99360,285142020000.0,1.2830648e+19,1.2318251803916952e+19,29464537000.0,140553520000.0,136462580000000.0,20500614.29033192,1.2668934e+19,-1.3112624e+19,2.5789105e+19,1.2108441149327653e+19,-1.2006303e+19,2.4124501e+19,False,FIR
Sal Oceanic FIR,99319,49640540000.0,9.3943696e+17,9.319110790211026e+17,2066785300.0,6308714500.0,5984876000000.0,744728.071923558,8.801159e+17,-5.4437202e+17,1.4263643e+18,8.730567856150604e+17,-5.4092124e+17,1.4158365e+18,False,FIR
Salt Lake City FIR,99360,743684200000.0,1.3661938e+19,1.2698624572249266e+19,68133376000.0,210840680000.0,211974690000000.0,22742691.800391357,1.3900333e+19,-2.1020905e+19,3.497549e+19,1.2896596883632314e+19,-1.997007e+19,3.2921153e+19,False,FIR
Samara FIR,99360,190405890000.0,1.3232857e+19,1.2802342065221825e+19,26483014000.0,163035050000.0,157559900000000.0,30204381.829951562,1.7602272e+19,-1.0542512e+19,2.8110301e+19,1.6723469547727909e+19,-9.598413e+18,2.6293525e+19,False,FIR
Samarkand FIR,99178,18139386000.0,3.533662e+17,3.495924691721648e+17,1092987900.0,2936049000.0,2550953700000.0,409214.74861624435,1.857297e+17,-2.0565482e+17,3.935175e+17,1.8389463083202675e+17,-2.0273137e+17,3.8872598e+17,False,FIR
San Juan Oceanic FIR/UIR,99360,96216510000.0,7.070212e+17,6.981880826746765e+17,2448063500.0,8696127000.0,7534203000000.0,1266601.2202672935,7.1794364e+17,-9.181635e+17,1.6385365e+18,7.083346641167916e+17,-9.109338e+17,1.6216867e+18,False,FIR
Sanaa FIR,99348,40233090000.0,3.9966554e+17,3.972837552902202e+17,909604000.0,3429542400.0,2915138300000.0,586078.2456181513,4.3597804e+17,-3.1013577e+17,7.460486e+17,4.334440900975306e+17,-3.0823857e+17,7.416152e+17,False,FIR
Sankt-Peterburg FIR,99360,106903450000.0,6.2626725e+18,6.030174424533988e+18,11345660000.0,62826672000.0,64702260000000.0,13651890.025436692,6.508707e+18,-2.9985078e+18,9.502937e+18,6.173820210702378e+18,-2.7822416e+18,8.9540895e+18,False,FIR
Santa Maria FIR,99360,273347200000.0,8.5956823e+18,8.462673988254287e+18,38014444000.0,133309284000.0,112537130000000.0,21046773.87599858,9.19452e+18,-1.4961669e+19,2.4143437e+19,9.067622760150257e+18,-1.4675897e+19,2.3731375e+19,True,FIR
Santiago FIR,99360,74742010000.0,1.3913651e+17,1.3765604022040989e+17,2119822600.0,2014540200.0,1140692700000.0,115507.92856681578,8.398092e+16,-1.1757535e+17,2.0386444e+17,8.346652607852514e+16,-1.17425815e+17,2.0317769e+17,False,FIR
Santo Domingo FIR,99360,38563664000.0,8.87656e+16,8.744621958506155e+16,493422750.0,2226356500.0,1897598000000.0,417755.0554577383,1.028431e+17,-2.8371752e+17,3.8658097e+17,1.0109266827986062e+17,-2.8206188e+17,3.831861e+17,False,FIR
Sanya FIR,99360,195826680000.0,9.828488e+17,9.220781194887508e+17,4189437400.0,18929267000.0,19469310000000.0,2406494.0482021617,1.004385e+18,-1.9054633e+18,2.910882e+18,9.456919361822469e+17,-1.867162e+18,2.8138748e+18,False,FIR
Sarajevo FIR,99358,83997610000.0,1.987616e+18,1.7175979087468093e+18,7037237000.0,19509280000.0,18612056000000.0,1558646.1550093724,1.2640452e+18,-2.200427e+18,3.4685372e+18,1.1326365678537654e+18,-1.9316982e+18,3.068016e+18,True,FIR
Scottish FIR,99356,144240950000.0,2.4752285e+18,2.3865211463736975e+18,11574913000.0,72613580000.0,81657690000000.0,13025077.178413084,4.3435283e+18,-7.8726264e+18,1.2192157e+19,4.179386060583236e+18,-7.2829083e+18,1.1440922e+19,True,FIR
Seattle FIR,99360,481738360000.0,5.492785e+18,5.216081871092645e+18,36771260000.0,96923484000.0,88859930000000.0,10274025.181177253,3.963794e+18,-1.0778611e+19,1.4773631e+19,3.8062256763628283e+18,-1.0264286e+19,1.4099955e+19,False,FIR
Seychelles FIR,99128,23593468000.0,7.065979e+17,7.014484622418244e+17,1746109800.0,6442169000.0,7804226600000.0,1028165.6529339205,6.500238e+17,-8.2133175e+17,1.4736677e+18,6.453886322015668e+17,-8.20369e+17,1.468051e+18,False,FIR
Shanghai FIR,99360,1565522000000.0,2.4453774e+18,2.303151038774234e+18,15541959000.0,60425957000.0,65137050000000.0,5795348.752707513,3.106548e+18,-5.876383e+18,8.98197e+18,2.88412273406491e+18,-5.623812e+18,8.508826e+18,False,FIR
Shannon FIR,99356,170862900000.0,4.284517e+18,4.0142441478120453e+18,19174627000.0,60942467000.0,62539824000000.0,7210986.827953775,3.4801668e+18,-7.2230223e+18,1.0710245e+19,3.3103038581552456e+18,-6.6610267e+18,9.978784e+18,True,FIR
Shanwick FIR,99360,629179150000.0,2.683272e+19,2.5677010794737455e+19,83259654000.0,322263100000.0,354913350000000.0,48242335.54720966,2.4359007e+19,-3.459325e+19,5.897717e+19,2.3356272417269694e+19,-3.2510558e+19,5.5894144e+19,True,FIR
Shenyang FIR,99360,284160100000.0,2.1422858e+18,2.0525777680964634e+18,12929335000.0,48759968000.0,57344667000000.0,6756477.153398695,2.1030609e+18,-5.8131905e+18,7.922141e+18,2.0142189743238164e+18,-5.576237e+18,7.596349e+18,False,FIR
Shymkent FIR,99360,60494496000.0,1.9995284e+18,1.9831245011888957e+18,6164201000.0,24648421000.0,22064044000000.0,4125718.4484254313,1.7088397e+18,-2.3589002e+18,4.0695564e+18,1.6991981386587594e+18,-2.2880208e+18,3.9891084e+18,False,FIR
Simferopol FIR,99307,25142798000.0,5.6889113e+17,5.593828542570894e+17,1773076400.0,30134073000.0,30436869000000.0,6026911.512300318,2.6315274e+18,-3.383754e+18,5.9932053e+18,2.5395707068841344e+18,-3.0591643e+18,5.578706e+18,True,FIR
Singapore FIR,99360,305317580000.0,4.815851e+18,4.679774343432964e+18,17313884000.0,61193260000.0,68380116000000.0,8059863.113934219,4.2781115e+18,-7.296812e+18,1.1595584e+19,4.158841455918521e+18,-7.218113e+18,1.1397238e+19,False,FIR
Skopje FIR,99357,30931931000.0,5.2767422e+17,4.6545876410262176e+17,1737842700.0,4803128300.0,4694789000000.0,435582.6911707956,3.9433758e+17,-4.7940143e+17,8.765433e+17,3.665249576472319e+17,-4.3676323e+17,8.058474e+17,True,FIR
Sofia FIR,99360,229326030000.0,5.6297095e+18,5.181066860130148e+18,16404422000.0,51368120000.0,50466750000000.0,4567348.429047953,3.911511e+18,-6.022769e+18,9.948597e+18,3.541776048933878e+18,-5.251126e+18,8.807408e+18,True,FIR
Southeast Asia,99360,3919123300000.0,4.2070983e+19,4.111339037477476e+19,142968700000.0,563663300000.0,626572240000000.0,84017573.54895242,4.1430706e+19,-5.454271e+19,9.608449e+19,4.048538332755448e+19,-5.4026584e+19,9.4622405e+19,,RECT
Sweden FIR,99359,281155570000.0,7.7457615e+18,7.298972012217276e+18,22191956000.0,87073840000.0,86212920000000.0,15987386.984255012,7.0681423e+18,-6.4343954e+18,1.3513002e+19,6.586526969277707e+18,-5.963372e+18,1.2561895e+19,True,FIR
Switzerland FIR,99357,142823800000.0,2.1642144e+18,1.8449561591507387e+18,10692397000.0,31389643000.0,30531192000000.0,2283930.341918497,1.9786092e+18,-3.0760308e+18,5.060882e+18,1.705316637902178e+18,-2.537626e+18,4.2483813e+18,True,FIR
Syktyvkar FIR,99360,64415027000.0,4.8004276e+18,4.699217628460368e+18,8538338000.0,47589220000.0,46449824000000.0,12114243.82155472,4.8888443e+18,-2.0433526e+18,6.9357485e+18,4.75099079833084e+18,-1.9110155e+18,6.66601e+18,False,FIR
Tahiti Oceanic FIR,98587,16643767000.0,9.139229e+16,9.111313308160672e+16,372461000.0,1143855700.0,954374360000.0,202571.35958473544,1.1032676e+17,-8.325495e+16,1.937034e+17,1.09965800938524e+17,-8.312334e+16,1.9320469e+17,False,FIR
Taipei FIR,99360,413646980000.0,1.175109e+18,1.1377977137259113e+18,5681400000.0,18494069000.0,15847472000000.0,1871425.9089668815,9.908641e+17,-1.3964049e+18,2.392295e+18,9.601444574465592e+17,-1.3767659e+18,2.341846e+18,False,FIR
Tallinn FIR,99359,53999698000.0,2.1809459e+18,2.0857665318140413e+18,5188187000.0,19819550000.0,20252168000000.0,3604177.632948553,1.8237423e+18,-1.3555398e+18,3.184866e+18,1.7042875088864573e+18,-1.246336e+18,2.956296e+18,True,FIR
Tashkent FIR,99359,34668704000.0,7.753361e+17,7.694885981156863e+17,2735029800.0,10832940000.0,9650775000000.0,1938202.4362235256,7.430166e+17,-1.0210806e+18,1.7634503e+18,7.395384791910346e+17,-9.9576996e+17,1.7346805e+18,False,FIR
Tehran FIR,99360,484655170000.0,1.35008e+18,1.3394052798364037e+18,10421882000.0,34360880000.0,31430090000000.0,3575527.461401413,1.9650253e+18,-2.766933e+18,4.732879e+18,1.930544725029139e+18,-2.6891498e+18,4.6209824e+18,False,FIR
Tel-Aviv FIR,99357,23252380000.0,3652826000000000.0,3625505544619479.5,21414316.0,253528750.0,240567270000.0,38672.00092653162,2.361534e+16,-2.7113705e+16,5.0623706e+16,2.309641167162206e+16,-2.6669447e+16,4.966626e+16,False,FIR
Tibilisi FIR,99360,29767813000.0,5.5092095e+17,5.451234625700157e+17,1768574100.0,10743010000.0,11840096000000.0,1698558.2789459631,1.0439105e+18,-1.1248576e+18,2.1680532e+18,1.004754477962682e+18,-1.025281e+18,2.029927e+18,True,FIR
Tirana FIR,99353,36668097000.0,4.7057765e+17,4.2888706820863277e+17,1842964900.0,5230054400.0,4711869000000.0,495391.0400511112,3.4485677e+17,-5.308861e+17,8.780466e+17,3.21186585413662e+17,-4.9645816e+17,8.2003914e+17,True,FIR
Toronto FIR,99360,298401960000.0,3.2588425e+18,3.0532539744405484e+18,16578115000.0,72171010000.0,83849720000000.0,8965646.201305069,4.1646032e+18,-6.1274447e+18,1.0296501e+19,3.82463128778406e+18,-5.7271235e+18,9.558289e+18,False,FIR
Tripoli FIR,99309,28086639000.0,1.0028706e+17,9.952812056561133e+16,463793380.0,2186295800.0,1837094400000.0,361569.3886415035,2.0119905e+17,-1.54652e+17,3.539789e+17,2.0002338123919472e+17,-1.5338385e+17,3.5155032e+17,False,FIR
Tunis FIR,99360,37636055000.0,1.3023348e+17,1.2858445415446587e+17,1008612300.0,2697375200.0,2077059200000.0,318607.46826197184,1.8346034e+17,-2.3687964e+17,4.1958044e+17,1.806500935419419e+17,-2.3159374e+17,4.1161176e+17,False,FIR
Turkmenabat FIR,98787,13765245000.0,1.42465955e+17,1.4120698642508544e+17,575960960.0,2325821700.0,2008409300000.0,346262.2097815566,1.645292e+17,-1.8520036e+17,3.499985e+17,1.6374122805890717e+17,-1.8183844e+17,3.458239e+17,False,FIR
Turkmenbashi FIR,99157,21415060000.0,3.2591974e+17,3.247777785853704e+17,1041991800.0,4938332700.0,4068579200000.0,877223.3940815664,3.038616e+17,-5.0118753e+17,8.0494174e+17,3.085978060300493e+17,-4.7994174e+17,7.883348e+17,False,FIR
Tyumen FIR,99359,146809750000.0,1.0269916e+19,1.014538822533467e+19,21286873000.0,126445625000.0,118048490000000.0,30106089.717960812,1.1166889e+19,-7.692251e+18,1.886268e+19,1.1024592493373796e+19,-7.150662e+18,1.8179221e+19,False,FIR
U-Jung Pandang FIR,99360,436611550000.0,6.059598e+18,5.977461819262745e+18,20708470000.0,77271966000.0,86673640000000.0,11984262.550407995,5.6421016e+18,-6.8409464e+18,1.2502679e+19,5.568518496442342e+18,-6.8066493e+18,1.2394558e+19,False,FIR
USA,99360,16008068000000.0,1.5519779e+20,1.4005087642417272e+20,847775900000.0,2515840000000.0,2431231700000000.0,236152484.39885807,1.4802808e+20,-2.2565659e+20,3.741767e+20,1.333643878919966e+20,-2.115163e+20,3.4537346e+20,,RECT
Ulaanbaatar FIR,99360,167382560000.0,2.4033493e+18,2.442608794566889e+18,20416950000.0,65064505000.0,59084636000000.0,10267263.462373227,2.833642e+18,-7.935331e+18,1.0763818e+19,2.881677968852003e+18,-7.6831503e+18,1.0559819e+19,False,FIR
Urumqi FIR,99360,107663565000.0,2.3403286e+18,2.333386135230519e+18,11681236000.0,35293843000.0,32699289000000.0,5238967.905102298,2.2611447e+18,-3.2805672e+18,5.5453825e+18,2.2508672675709553e+18,-3.2106108e+18,5.465199e+18,False,FIR
Vancouver FIR,99360,159219380000.0,2.9711484e+18,2.920090985324459e+18,17274935000.0,58806526000.0,58052904000000.0,8536485.844045844,3.0796158e+18,-5.633045e+18,8.7144416e+18,3.0318481783155937e+18,-5.519126e+18,8.552771e+18,False,FIR
Vientiane FIR,99360,109533520000.0,5.969459e+17,5.783014236687314e+17,1840809000.0,7682734000.0,8515429000000.0,1063042.5772528774,6.077088e+17,-5.48318e+17,1.1578917e+18,5.882181557289665e+17,-5.4074697e+17,1.1308231e+18,False,FIR
Vilnius FIR,99359,47341404000.0,2.162062e+18,2.0130656190834086e+18,4872357000.0,25674738000.0,26804593000000.0,4376691.648540227,2.78716e+18,-1.7801478e+18,4.5693848e+18,2.548195871393779e+18,-1.606042e+18,4.1565102e+18,True,FIR
Vologda FIR,99353,58232020000.0,5.509058e+18,5.274251294849398e+18,8360678000.0,43653304000.0,42362865000000.0,9275030.729247881,4.650607e+18,-1.7452461e+18,6.405441e+18,4.4148347188275584e+18,-1.5908641e+18,6.0155496e+18,False,FIR
Warszawa FIR,99360,366043730000.0,1.2641722e+19,1.1591293401905908e+19,36340396000.0,170323440000.0,170642000000000.0,22892699.77625503,1.6257899e+19,-1.5239546e+19,3.146698e+19,1.4622969520498606e+19,-1.3099031e+19,2.7703346e+19,True,FIR
Washington FIR,99360,1001085500000.0,8.834081e+18,7.778549480987236e+18,53629430000.0,159131470000.0,141756770000000.0,11368730.328306917,7.8617324e+18,-1.3589535e+19,2.1483008e+19,6.748029437341699e+18,-1.2365107e+19,1.9142152e+19,False,FIR
Wien FIR,99360,252409870000.0,5.372124e+18,4.624722890132579e+18,23993210000.0,70790790000.0,73271310000000.0,5570763.810529118,5.265875e+18,-7.6910476e+18,1.2967356e+19,4.473711928012391e+18,-6.403428e+18,1.0888078e+19,True,FIR
Windhoek FIR,98257,12922376000.0,5.2649723e+16,5.2320967380788824e+16,208367710.0,842560060.0,750116300000.0,140756.97634719577,5.174955e+16,-8.034151e+16,1.3210264e+17,5.143691120624291e+16,-8.028746e+16,1.3173521e+17,False,FIR
Winnipeg FIR,99360,305091540000.0,5.862708e+18,5.735884635829242e+18,22963420000.0,89776540000.0,94659870000000.0,14860501.044498527,6.0879074e+18,-8.310196e+18,1.4401246e+19,5.941618272308415e+18,-8.145888e+18,1.4091161e+19,False,FIR
Wuhan FIR,99360,444563160000.0,1.4451045e+18,1.3260639653988347e+18,7872690000.0,17737202000.0,20982970000000.0,1248423.9781058482,8.819079e+17,-1.9422872e+18,2.8364643e+18,8.171407332684778e+17,-1.8836351e+18,2.7118435e+18,False,FIR
Yakutsk FIR,99354,97969340000.0,2.2115584e+18,2.1941996239274565e+18,10112515000.0,44355120000.0,36473286000000.0,10196567.70394445,2.5760194e+18,-3.5232707e+18,6.095945e+18,2.5561802679434783e+18,-3.4866682e+18,6.0395217e+18,False,FIR
Yangon FIR,99360,205109540000.0,1.4670554e+18,1.4478461559674506e+18,6990314500.0,22126105000.0,23336235000000.0,3237234.314116149,1.4625944e+18,-1.7002635e+18,3.1677705e+18,1.4434346101295084e+18,-1.6878903e+18,3.136204e+18,False,FIR
Yekaterinburg FIR,99360,192024130000.0,1.3409814e+19,1.3174726885856322e+19,29409876000.0,166492100000.0,155566230000000.0,34089779.681756206,1.5715213e+19,-1.1003654e+19,2.669603e+19,1.5256271199061088e+19,-1.0048021e+19,2.5286267e+19,False,FIR
Yerevan FIR,99357,10874529000.0,1.1494415e+17,1.1373412333345835e+17,458574940.0,1682634200.0,1647759000000.0,262717.0840535794,1.3385038e+17,-1.610836e+17,2.9396945e+17,1.3185041487822445e+17,-1.5041542e+17,2.8132984e+17,True,FIR
Zagreb FIR,99358,170655840000.0,3.4139748e+18,2.9892062530919107e+18,13976046000.0,44124037000.0,42774603000000.0,3879310.908677621,2.960935e+18,-5.437695e+18,8.4128335e+18,2.6310915955186007e+18,-4.751577e+18,7.3967644e+18,True,FIR
