Month,Hour,Flight distance,Contrail warming,Warming per flight distance
Jan,0,0.00023708,0.00094976,4.00607989
Jan,1,0.00016116,0.00069741,4.32757441
Jan,2,0.00015956,0.000605,3.79166293
Jan,3,0.00020385,0.00073148,3.5882902
Jan,4,0.00027107,0.00112147,4.13714181
Jan,5,0.00032665,0.00136981,4.19356018
Jan,6,0.00040185,0.00128837,3.20608631
Jan,7,0.00061169,0.0009456,1.54588321
Jan,8,0.00074002,0.00067594,0.91339879
Jan,9,0.00080319,0.00042701,0.53164073
Jan,10,0.00084685,0.00048898,0.57740699
Jan,11,0.00090067,0.00067841,0.75323527
Jan,12,0.00093989,0.00117844,1.25381334
Jan,13,0.00095103,0.00202558,2.12987631
Jan,14,0.00091364,0.00262148,2.86926178
Jan,15,0.00089729,0.00302123,3.36707112
Jan,16,0.00085214,0.00292014,3.42682181
Jan,17,0.0008213,0.00280899,3.42016718
Jan,18,0.00081538,0.0028268,3.46683656
Jan,19,0.0007435,0.00270958,3.64438423
Jan,20,0.00065776,0.00223084,3.3915716
Jan,21,0.00063283,0.00199257,3.1486586
Jan,22,0.00050812,0.00160798,3.16457804
Jan,23,0.00034078,0.00123313,3.61855496
Feb,0,0.00020865,0.00115063,5.51453922
Feb,1,0.00015082,0.00081936,5.43268628
Feb,2,0.00015428,0.00066275,4.29578588
Feb,3,0.0001987,0.00068946,3.46982636
Feb,4,0.00025979,0.00076087,2.92878787
Feb,5,0.00029959,0.0007365,2.45831538
Feb,6,0.00036481,0.00042658,1.16931717
Feb,7,0.00055061,3.56e-06,0.00645754
Feb,8,0.00066688,-0.00037805,-0.56688843
Feb,9,0.00072586,-0.00045503,-0.62688227
Feb,10,0.00076943,-0.00038955,-0.50628071
Feb,11,0.00082187,-0.00025124,-0.30569719
Feb,12,0.00085614,0.00017489,0.20427823
Feb,13,0.00085875,0.00095751,1.11500498
Feb,14,0.00082545,0.00200332,2.42695063
Feb,15,0.0008215,0.00291379,3.54692401
Feb,16,0.00078665,0.00339224,4.31224165
Feb,17,0.00074998,0.00359295,4.79071707
Feb,18,0.00072643,0.00368365,5.07091778
Feb,19,0.00065961,0.00325642,4.93690904
Feb,20,0.00059325,0.00286904,4.83618294
Feb,21,0.00056918,0.00272728,4.79160009
Feb,22,0.00045229,0.00221825,4.90443074
Feb,23,0.00030085,0.00156428,5.19947689
Mar,0,0.00023578,0.00092091,3.90575138
Mar,1,0.00016834,0.0006244,3.70913527
Mar,2,0.00016984,0.00043381,2.55425924
Mar,3,0.00022171,0.00042617,1.92220266
Mar,4,0.00029075,0.00044317,1.52422174
Mar,5,0.00033559,0.00034909,1.04023289
Mar,6,0.00041834,0.00018528,0.44289748
Mar,7,0.00062673,-5.54e-05,-0.08838862
Mar,8,0.00075352,-0.00011566,-0.15349287
Mar,9,0.00081676,-0.0001788,-0.21891
Mar,10,0.00085779,-0.00018626,-0.21714028
Mar,11,0.00091743,-0.00010048,-0.10951982
Mar,12,0.00095017,8.296e-05,0.08731142
Mar,13,0.00096601,0.00054255,0.56164247
Mar,14,0.00092831,0.0012315,1.32660289
Mar,15,0.00090805,0.00194663,2.14373473
Mar,16,0.00088939,0.0025197,2.83308231
Mar,17,0.00084474,0.00275146,3.25716334
Mar,18,0.00082192,0.00289529,3.52259156
Mar,19,0.00074642,0.00268733,3.60027833
Mar,20,0.00066255,0.00236301,3.56651273
Mar,21,0.00062314,0.00199307,3.1984162
Mar,22,0.00050965,0.00164663,3.23091067
Mar,23,0.00034148,0.00129705,3.79828368
Apr,0,0.00022497,0.00062102,2.76040412
Apr,1,0.00017425,0.00042198,2.42175593
Apr,2,0.00019729,0.0003226,1.63512211
Apr,3,0.00027138,0.0002557,0.9422216
Apr,4,0.00035295,0.00018323,0.51913307
Apr,5,0.00047796,2.019e-05,0.04225144
Apr,6,0.00074814,-0.00028522,-0.3812416
Apr,7,0.00084723,-0.00047027,-0.55506856
Apr,8,0.00088543,-0.00047838,-0.54027888
Apr,9,0.00094467,-0.00047438,-0.50216445
Apr,10,0.00101847,-0.00052185,-0.51238104
Apr,11,0.00106806,-0.00054757,-0.51267929
Apr,12,0.00108934,-0.00048595,-0.44609473
Apr,13,0.00104774,-0.00039889,-0.3807138
Apr,14,0.00103112,-0.00012341,-0.11968888
Apr,15,0.0010099,0.00037453,0.37085786
Apr,16,0.00098487,0.0009821,0.99719194
Apr,17,0.00096211,0.00173991,1.80843872
Apr,18,0.00092055,0.00228347,2.48054044
Apr,19,0.00082678,0.00217328,2.62860346
Apr,20,0.00077604,0.00198114,2.55289224
Apr,21,0.00066688,0.00173375,2.59978211
Apr,22,0.00048185,0.0013572,2.81666076
Apr,23,0.0003195,0.00092542,2.8964676
May,0,0.00024965,0.00088956,3.56317971
May,1,0.00019231,0.00049979,2.59883337
May,2,0.00021599,0.00044531,2.06169869
May,3,0.00028462,0.0004287,1.50622122
May,4,0.00036868,0.000374,1.01443254
May,5,0.00050947,9.392e-05,0.18435318
May,6,0.00079874,-0.00013554,-0.16969753
May,7,0.00090248,-0.00017267,-0.19132592
May,8,0.00093742,-0.0001402,-0.14956065
May,9,0.00098603,-0.00010224,-0.10369169
May,10,0.00105967,-0.00013731,-0.12957785
May,11,0.00109868,-0.00010759,-0.09792947
May,12,0.00114431,-0.00011412,-0.09973051
May,13,0.00109957,-9.171e-05,-0.08340844
May,14,0.00109182,4.89e-06,0.00447564
May,15,0.00106895,0.00031476,0.29446194
May,16,0.00104348,0.00081447,0.78053049
May,17,0.00102977,0.00149427,1.45107381
May,18,0.00097998,0.00204352,2.0852702
May,19,0.0008857,0.002347,2.6498768
May,20,0.00082213,0.00237776,2.89220579
May,21,0.00071634,0.00210442,2.93773791
May,22,0.00052649,0.00162216,3.08109379
May,23,0.00035521,0.00123393,3.47378125
Jun,0,0.00031389,0.00061777,1.96812411
Jun,1,0.00023595,0.0003526,1.49434418
Jun,2,0.00025184,0.00025017,0.99336541
Jun,3,0.00032155,0.000189,0.58778284
Jun,4,0.00040553,0.00012275,0.30268182
Jun,5,0.00054012,-3.265e-05,-0.06045165
Jun,6,0.00082643,-0.00018273,-0.22110283
Jun,7,0.00094694,-0.00018909,-0.19968873
Jun,8,0.00099493,-0.00014489,-0.14563044
Jun,9,0.00105273,-0.00010822,-0.10280344
Jun,10,0.00112873,-0.00010557,-0.09352638
Jun,11,0.00116688,-0.00014308,-0.1226213
Jun,12,0.00119797,-0.00021426,-0.17884897
Jun,13,0.00115861,-0.00025619,-0.22111457
Jun,14,0.00114369,-0.00028549,-0.24961941
Jun,15,0.00112199,-0.0001337,-0.11915914
Jun,16,0.00108629,0.00021308,0.19615705
Jun,17,0.00107031,0.00073582,0.68748324
Jun,18,0.0010219,0.00137313,1.34370137
Jun,19,0.00092268,0.00175199,1.89880518
Jun,20,0.00086041,0.00174724,2.03069453
Jun,21,0.00076866,0.00149944,1.95072333
Jun,22,0.00060316,0.00117377,1.94602314
Jun,23,0.00043588,0.00082466,1.89194896
Jul,0,0.00036102,0.00054951,1.52209435
Jul,1,0.00027766,0.00039197,1.41166632
Jul,2,0.00028916,0.00032059,1.10869307
Jul,3,0.00036064,0.00031931,0.88541789
Jul,4,0.00044351,0.0002572,0.57991306
Jul,5,0.00059196,0.00010913,0.18435095
Jul,6,0.00089493,-3.905e-05,-0.04363164
Jul,7,0.00102063,-2.131e-05,-0.02087937
Jul,8,0.00107376,3.759e-05,0.03500567
Jul,9,0.00113497,7.87e-05,0.06933957
Jul,10,0.00120136,0.00011456,0.09535968
Jul,11,0.00125097,0.0001699,0.13581371
Jul,12,0.00129336,0.00016878,0.13049588
Jul,13,0.00124638,0.00010536,0.08453479
Jul,14,0.00123001,2.65e-05,0.02154309
Jul,15,0.00121856,3.889e-05,0.03191516
Jul,16,0.00118043,0.00019293,0.16343948
Jul,17,0.0011472,0.00058914,0.51354803
Jul,18,0.00109046,0.00108856,0.99825924
Jul,19,0.00099253,0.00129878,1.30855064
Jul,20,0.00092593,0.00130748,1.41208247
Jul,21,0.00083026,0.00120987,1.45721416
Jul,22,0.00066444,0.00093616,1.40894265
Jul,23,0.00048918,0.00068761,1.40563887
Aug,0,0.00037202,0.00080769,2.17110155
Aug,1,0.00028259,0.00047468,1.67975695
Aug,2,0.00030494,0.0004948,1.6225814
Aug,3,0.0004001,0.00062501,1.56213177
Aug,4,0.00050376,0.00058554,1.16234962
Aug,5,0.00066302,0.00024671,0.37210541
Aug,6,0.00095897,-0.000156,-0.16267425
Aug,7,0.0010773,-0.00031407,-0.29153776
Aug,8,0.00114666,-0.00032065,-0.27963537
Aug,9,0.00122091,-0.00027406,-0.22447525
Aug,10,0.00131513,-0.00027734,-0.21088201
Aug,11,0.00137889,-0.00028051,-0.20343586
Aug,12,0.00142251,-0.00030429,-0.21391136
Aug,13,0.00136301,-0.00028391,-0.20829872
Aug,14,0.00133678,-0.0001845,-0.13802176
Aug,15,0.00130993,0.00010731,0.08191817
Aug,16,0.00125642,0.00061678,0.49090627
Aug,17,0.00120753,0.00127349,1.05462454
Aug,18,0.00113503,0.00178087,1.5690052
Aug,19,0.0010286,0.00187689,1.82469688
Aug,20,0.00095473,0.00194361,2.03576087
Aug,21,0.00085609,0.00174489,2.03821311
Aug,22,0.00068493,0.00134693,1.96653452
Aug,23,0.0005086,0.00105866,2.08151266
Sep,0,0.00031731,0.000796,2.50859649
Sep,1,0.00025172,0.00061693,2.45091781
Sep,2,0.00026966,0.00066044,2.44915031
Sep,3,0.00034978,0.00084071,2.40356096
Sep,4,0.00043912,0.00082535,1.87956467
Sep,5,0.00059539,0.00057755,0.97004354
Sep,6,0.00091287,0.00018591,0.20365766
Sep,7,0.00104146,-8.664e-05,-0.08318812
Sep,8,0.00108835,-0.00018217,-0.16738486
Sep,9,0.0011493,-0.00022161,-0.19281717
Sep,10,0.00122952,-0.00017194,-0.13984629
Sep,11,0.00127807,-8.747e-05,-0.06844114
Sep,12,0.00131612,5.7e-07,0.0004312
Sep,13,0.00126223,0.00019717,0.15621085
Sep,14,0.00123895,0.00065016,0.52476652
Sep,15,0.0012045,0.00140177,1.16378011
Sep,16,0.00116499,0.0021115,1.81245831
Sep,17,0.001137,0.00268555,2.36196827
Sep,18,0.00108101,0.00274257,2.53705359
Sep,19,0.00098828,0.00253499,2.56504353
Sep,20,0.00092602,0.00218849,2.36333611
Sep,21,0.00081479,0.00191211,2.34675274
Sep,22,0.00062526,0.00144281,2.30753315
Sep,23,0.00043804,0.00104948,2.39587418
Oct,0,0.00028056,0.00093918,3.34756889
Oct,1,0.00021661,0.00057648,2.66134669
Oct,2,0.00023728,0.00057919,2.44100429
Oct,3,0.00030638,0.00068254,2.22776159
Oct,4,0.0003868,0.00072656,1.87839974
Oct,5,0.00051326,0.00061232,1.19301176
Oct,6,0.0007769,0.00039573,0.50936476
Oct,7,0.00092386,4.163e-05,0.04506157
Oct,8,0.00098312,-0.00018717,-0.19038653
Oct,9,0.00104996,-0.00031757,-0.30246162
Oct,10,0.00111818,-0.00024683,-0.2207456
Oct,11,0.00115844,-2.495e-05,-0.02153646
Oct,12,0.00118706,0.00036371,0.30639796
Oct,13,0.00114879,0.00101691,0.88520275
Oct,14,0.00113724,0.00197837,1.73961957
Oct,15,0.001113,0.0030117,2.70593304
Oct,16,0.00108347,0.00372819,3.44095852
Oct,17,0.00105261,0.00385288,3.66030224
Oct,18,0.00099979,0.0035768,3.57754014
Oct,19,0.00089687,0.00315545,3.51827912
Oct,20,0.00083181,0.00278997,3.35408218
Oct,21,0.0007465,0.00249914,3.34779439
Oct,22,0.00056857,0.00190787,3.35558856
Oct,23,0.00039037,0.00126061,3.22929002
Nov,0,0.00023089,0.00138912,6.01631567
Nov,1,0.0001649,0.00094424,5.72628497
Nov,2,0.00016628,0.00074354,4.47170428
Nov,3,0.00021006,0.00082151,3.91081273
Nov,4,0.00027079,0.00088663,3.27418245
Nov,5,0.00032118,0.00075487,2.35029738
Nov,6,0.00041188,0.00060117,1.45956439
Nov,7,0.00065306,0.00058089,0.88949031
Nov,8,0.0007801,0.00031261,0.40073141
Nov,9,0.00083936,0.00037045,0.44134756
Nov,10,0.0008904,0.0005266,0.59142506
Nov,11,0.00094682,0.00094863,1.001915
Nov,12,0.00097046,0.00193644,1.99537747
Nov,13,0.00099283,0.00315343,3.17620996
Nov,14,0.00094753,0.00405133,4.27568033
Nov,15,0.00094019,0.0046649,4.96164828
Nov,16,0.00089801,0.00453771,5.05308922
Nov,17,0.00085432,0.00404371,4.73328027
Nov,18,0.00084392,0.00401818,4.76133764
Nov,19,0.00076367,0.00376697,4.93273918
Nov,20,0.00069084,0.00337457,4.8847273
Nov,21,0.00065465,0.00286605,4.37799057
Nov,22,0.00050745,0.00217506,4.28624509
Nov,23,0.00033432,0.00180939,5.41210087
Dec,0,0.00024957,0.00111377,4.462797
Dec,1,0.00017476,0.00079591,4.55425757
Dec,2,0.00016845,0.00061627,3.65855324
Dec,3,0.00020912,0.00073537,3.51656148
Dec,4,0.00026524,0.0009152,3.45040793
Dec,5,0.00031939,0.00094537,2.95990811
Dec,6,0.00040409,0.0008239,2.03890618
Dec,7,0.00063041,0.00080133,1.27113364
Dec,8,0.00076991,0.00046956,0.60989472
Dec,9,0.0008393,0.00036173,0.43098519
Dec,10,0.00089043,0.00040002,0.449236
Dec,11,0.00094696,0.00069353,0.73237508
Dec,12,0.00098239,0.00139858,1.42364106
Dec,13,0.00100229,0.00228064,2.27542869
Dec,14,0.00095684,0.00296789,3.10176869
Dec,15,0.00094229,0.00342544,3.635229
Dec,16,0.00089767,0.00343046,3.82152446
Dec,17,0.00085191,0.0032377,3.80050242
Dec,18,0.00083852,0.00318291,3.79586611
Dec,19,0.00075906,0.00289807,3.81794973
Dec,20,0.00068001,0.0025629,3.76892002
Dec,21,0.00063499,0.00228422,3.59727302
Dec,22,0.00050742,0.00179866,3.54468167
Dec,23,0.00035342,0.0013986,3.95736358
