Thickness,Ice Super-Saturated Regions (ISSRs),Persistent Contrail Regions (PCRs)
0,0,0
10,0,0
20,0,0
30,0,0
40,0,0
50,0,0
60,0,0
70,0,0
80,0,0
90,0,0
100,0,0
110,2.205542314,1.937585734
120,4.312902423,3.759178569
130,6.344135748,5.504115226
140,8.35473658,7.34083757
150,10.25932909,9.085774227
160,12.11198463,10.80045187
170,13.90345416,12.38501573
180,15.63587208,13.94940692
190,17.24947529,15.47244412
200,18.79833517,16.92386831
210,20.25683896,18.32990398
220,21.69471026,19.70870653
230,23.06641528,21.00883563
240,24.38974067,22.27265392
250,25.64191953,23.45578149
260,26.85425634,24.59049463
270,28.00540714,25.67780198
280,29.13592544,26.79536835
290,30.19956601,27.84031308
300,31.29451105,28.89231824
310,32.30977198,29.86262406
320,33.30653481,30.84200758
330,34.2755505,31.77801985
340,35.16772794,32.67368676
350,36.07413468,33.51488744
360,36.9421223,34.35507948
370,37.83572267,35.25881546
380,38.68378926,36.10606794
390,39.51122336,36.90692326
400,40.29170076,37.72391673
410,41.05866031,38.49451303
420,41.82206254,39.2580489
430,42.53779659,39.9721617
440,43.24143574,40.69938675
450,43.94934367,41.39130961
460,44.66934652,42.09432744
470,45.33385507,42.75498265
480,45.99836363,43.42471557
490,46.69417666,44.1307593
500,47.332361,44.75712096
510,47.96841094,45.41979343
520,48.56604176,45.99471476
530,49.15371207,46.5998951
540,49.72003842,47.18994594
550,50.29347942,47.78403131
560,50.88470705,48.35996127
570,51.4673971,48.92378762
580,51.99245847,49.4170096
590,52.4997332,49.93948197
600,53.00345061,50.45085936
610,53.53278076,50.97131445
620,54.03720963,51.48975228
630,54.51816015,51.96179295
640,54.98772722,52.42576454
650,55.48006119,52.94319374
660,55.95247412,53.40413943
670,56.41350361,53.89231824
680,56.88307068,54.37041072
690,57.31848742,54.82631324
700,57.76101882,55.29129347
710,58.20070435,55.73307512
720,58.63469816,56.16880497
730,59.05517413,56.60050028
740,59.43936537,57.00193658
750,59.86126427,57.43564916
760,60.24901284,57.84111999
770,60.62110917,58.24154765
780,61.0280673,58.65609618
790,61.44854327,59.0938433
800,61.81637082,59.49225369
810,62.16712319,59.89368999
820,62.55700615,60.2779795
830,62.93194835,60.65319132
840,63.32111985,61.05866215
850,63.65408559,61.39958041
860,63.99416598,61.76167998
870,64.31859414,62.09957234
880,64.6636548,62.45562011
890,64.99448614,62.7884693
900,65.31393405,63.10417171
910,65.60278894,63.42088276
920,65.92010245,63.75474058
930,66.21322614,64.08456387
940,66.49425492,64.37505043
950,66.7916474,64.69377875
960,67.09330867,65.02057613
970,67.39923873,65.33224401
980,67.69165096,65.64492052
990,67.95987336,65.93641572
1000,68.23236455,66.22791092
1010,68.54612074,66.56076011
1020,68.82714951,66.8340999
1030,69.10035218,67.11349149
1040,69.3742663,67.38884854
1050,69.63893138,67.6702574
1060,69.91071111,67.95469216
1070,70.17679912,68.22500605
1080,70.42723489,68.50137174
1090,70.67624773,68.77168563
1100,70.94020134,69.05813766
1110,71.17000462,69.30525297
1120,71.41901747,69.57052368
1130,71.66162712,69.83377713
1140,71.88146989,70.0617284
1150,72.10486998,70.32094731
1160,72.33040447,70.57411442
1170,72.57728291,70.86964415
1180,72.78574224,71.09053498
1190,72.99562449,71.32756395
1200,73.21404432,71.5403857
1210,73.41823485,71.74513838
1220,73.62598271,71.95291697
1230,73.82448152,72.16573872
1240,74.02511472,72.37755184
1250,74.23641991,72.60752037
1260,74.43989897,72.80521262
1270,74.64978122,73.02610345
1280,74.86677813,73.2419511
1290,75.07168013,73.45073832
1300,75.29009996,73.67263778
1310,75.51065419,73.90058904
1320,75.7070186,74.10735899
1330,75.8955569,74.29899944
1340,76.10330476,74.50072622
1350,76.30536089,74.71758251
1360,76.48891893,74.90014524
1370,76.67532283,75.112967
1380,76.87737896,75.297547
1390,77.05026502,75.48918744
1400,77.25089822,75.70604373
1410,77.42876454,75.89970144
1420,77.62512895,76.09941096
1430,77.8044182,76.27390462
1440,77.96876667,76.45041556
1450,78.1423642,76.64003873
1460,78.32592224,76.82562737
1470,78.47532994,76.99104333
1480,78.63114083,77.16452836
1490,78.77841414,77.31380618
1500,78.92995624,77.4661099
1510,79.07580662,77.63959493
1520,79.23090605,77.79895909
1530,79.38315962,77.96437505
1540,79.52260681,78.1176874
1550,79.67486037,78.27705156
1560,79.82071075,78.43238118
1570,79.95944648,78.57762447
1580,80.10885419,78.73497135
1590,80.22624595,78.85701606
1600,80.36925047,79.00931978
1610,80.52008111,79.16263213
1620,80.66522002,79.32703946
1630,80.78403472,79.46017913
1640,80.92846217,79.60743968
1650,81.05510298,79.74360526
1660,81.19881897,79.88178811
1670,81.3354203,80.03409183
1680,81.47344456,80.17832647
1690,81.62783252,80.34172517
1700,81.76514532,80.49503752
1710,81.9109957,80.65036714
1720,82.0440397,80.79258452
1730,82.16783466,80.931776
1740,82.28451496,81.05382071
1750,82.39906087,81.17889131
1760,82.5313934,81.31303962
1770,82.64878517,81.43710159
1780,82.78467504,81.5742758
1790,82.89850948,81.70035504
1800,83.01234392,81.81937384
1810,83.12262104,81.93637537
1820,83.23574401,82.06043734
1830,83.35028992,82.18550795
1840,83.47693074,82.3297426
1850,83.60214863,82.45985637
1860,83.72594358,82.60308239
1870,83.84546974,82.7463084
1880,83.96286151,82.87339627
1890,84.07313863,83.00250141
1900,84.17487816,83.12152021
1910,84.27590623,83.22641814
1920,84.37622283,83.3353506
1930,84.48223116,83.44630033
1940,84.58112483,83.55825869
1950,84.69567073,83.6772775
1960,84.79598734,83.79125313
1970,84.90057273,83.90422012
1980,84.98737149,84.00911805
1990,85.07345879,84.11502461
2000,85.16096902,84.215888
2010,85.26626587,84.34095861
2020,85.36515955,84.45190834
2030,85.4704564,84.56487533
2040,85.55796663,84.66170419
2050,85.64405393,84.75853304
2060,85.73085269,84.85334463
2070,85.82476611,84.95219075
2080,85.90231582,85.04801097
2090,85.98626872,85.13273622
2100,86.07449041,85.22956508
2110,86.17053822,85.3253853
2120,86.26658603,85.43330913
2130,86.349116,85.5129912
2140,86.42951158,85.59368192
2150,86.51488741,85.70463165
2160,86.60737789,85.80751231
2170,86.6891964,85.90232389
2180,86.76603465,85.98503187
2190,86.86635125,86.0899298
2200,86.95101562,86.17667232
2210,87.03639145,86.26038893
2220,87.12319021,86.34814008
2230,87.20073992,86.41470992
2240,87.27828964,86.50851287
2250,87.34730177,86.59323812
2260,87.41346804,86.66585976
2270,87.49030629,86.74352457
2280,87.57710505,86.82724118
2290,87.65465476,86.90389736
2300,87.7357618,86.99063988
2310,87.8054854,87.06628742
2320,87.88232365,87.16614218
2330,87.96414215,87.25591059
2340,88.02532816,87.33760994
2350,88.09647469,87.41124022
2360,88.17331294,87.49092229
2370,88.24943972,87.57766481
2380,88.32698943,87.65835552
2390,88.39955889,87.74408941
2400,88.46714809,87.81368514
2410,88.54540927,87.910514
2420,88.61228701,87.97910111
2430,88.68983672,88.05374001
2440,88.76027178,88.12737029
2450,88.83497563,88.208061
2460,88.90825655,88.30186396
2470,88.97299989,88.37347696
2480,89.04556935,88.44912451
2490,89.09750631,88.51367708
2500,89.16794138,88.6064714
2510,89.23055032,88.67909304
2520,89.29742805,88.74969741
2530,89.36288286,88.81828452
2540,89.43474085,88.88788025
2550,89.49806126,88.9695796
2560,89.55711287,89.03312354
2570,89.61972182,89.10271928
2580,89.67521611,89.15012507
2590,89.74280531,89.22678125
2600,89.81181744,89.29839425
2610,89.87727224,89.36798999
2620,89.94130412,89.44767207
2630,89.99324108,89.50314694
2640,90.05798442,89.56568224
2650,90.11134431,89.62216574
2660,90.17253033,89.69579601
2670,90.22802462,89.75631405
2680,90.30343993,89.8410393
2690,90.35679983,89.9066005
2700,90.41798584,89.9721617
2710,90.47988332,90.03974018
2720,90.53182028,90.0851287
2730,90.5908719,90.15472444
2740,90.65063498,90.22129428
2750,90.70897513,90.28282095
2760,90.7609121,90.33930445
2770,90.82280958,90.40890019
2780,90.86763189,90.46134915
2790,90.92383764,90.52085855
2800,90.97221728,90.57935932
2810,91.01419373,90.63685145
2820,91.06684216,90.68829178
2830,91.11237594,90.73468894
2840,91.15648678,90.78310336
2850,91.21909573,90.83958686
2860,91.27459002,90.90413943
2870,91.3343531,90.96364883
2880,91.39411618,91.03425321
2890,91.43893849,91.07964173
2900,91.48020348,91.1320907
2910,91.53214044,91.19260873
2920,91.57625129,91.24001452
2930,91.62463093,91.28540305
2940,91.68652841,91.34995562
2950,91.72708193,91.39937868
2960,91.76478958,91.43972404
2970,91.79822845,91.47805213
2980,91.84518516,91.52444929
2990,91.89285333,91.58597595
3000,91.92913806,91.63035585
3010,91.97182598,91.68179618
3020,92.01451389,91.73424514
3030,92.0593362,91.78265957
3040,92.10273558,91.82603082
3050,92.14898083,91.88654886
3060,92.20162926,91.93294602
3070,92.23933691,91.96623094
3080,92.28415923,92.01968853
3090,92.32328982,92.06507706
3100,92.36170894,92.10340515
3110,92.40439686,92.1437505
3120,92.4485077,92.19317357
3130,92.48763829,92.24562253
3140,92.53174914,92.29605422
3150,92.57941731,92.34446865
3160,92.6185479,92.38683128
3170,92.66123582,92.4352457
3180,92.70392373,92.4856774
3190,92.73949699,92.52198822
3200,92.78503077,92.56838538
3210,92.82273843,92.61276527
3220,92.86400342,92.65512789
3230,92.90384547,92.68740418
3240,92.94511045,92.7297668
3250,92.98139518,92.77212943
3260,93.03048629,92.81146615
3270,93.06677101,92.85685468
3280,93.10874747,92.89518276
3290,93.14503219,92.93552812
3300,93.18629718,92.98898572
3310,93.22258191,93.02529654
3320,93.26242396,93.06564189
3330,93.30368895,93.11002179
3340,93.33214756,93.14431534
3350,93.36629789,93.17558299
3360,93.40827434,93.21693698
3370,93.44029028,93.25526507
3380,93.47372915,93.29157589
3390,93.50859094,93.33797305
3400,93.54487567,93.3722666
3410,93.57191135,93.39949972
3420,93.60606168,93.42471557
3430,93.64234641,93.46405229
3440,93.67293942,93.49632857
3450,93.70282096,93.52961349
3460,93.74337448,93.56693295
3470,93.77183309,93.5951747
3480,93.79958024,93.62543371
3490,93.8330191,93.65871863
3500,93.86645797,93.69200355
3510,93.90558856,93.73134027
3520,93.94543061,93.770677
3530,93.98171534,93.80597918
3540,94.00377077,93.8392641
3550,94.03649817,93.88061809
3560,94.06709117,93.91390301
3570,94.10266444,93.96231744
3580,94.13396891,93.99459372
3590,94.16954217,94.02888728
3600,94.19942371,94.068224
3610,94.23784284,94.10856935
3620,94.25562947,94.13176793
3630,94.29333713,94.17110466
3640,94.33744797,94.20842411
3650,94.36377219,94.23969176
3660,94.39507666,94.28205439
3670,94.42211234,94.3153393
3680,94.44985949,94.35165013
3690,94.48329835,94.39098685
3700,94.50677671,94.4222545
3710,94.53950411,94.45654805
3720,94.57152005,94.48579843
3730,94.59357547,94.51202292
3740,94.61989968,94.54228193
3750,94.64337804,94.57254095
3760,94.67823983,94.60986041
3770,94.70740991,94.63608489
3780,94.73515706,94.66533527
3790,94.77144178,94.69761155
3800,94.7956316,94.7198015
3810,94.82693607,94.74501735
3820,94.85112589,94.77527637
3830,94.8795845,94.80856128
3840,94.90733165,94.83175986
3850,94.93365586,94.85394981
3860,94.96353741,94.89026063
3870,94.97918964,94.90034697
3880,95.00195653,94.92152828
3890,95.02970367,94.94270959
3900,95.05460496,94.97195998
3910,95.08519797,94.99818446
3920,95.10583046,95.01835714
3930,95.12859735,95.04659889
3940,95.14567251,95.06979747
3950,95.17341966,95.10005648
3960,95.19760948,95.12829823
3970,95.22393369,95.15553135
3980,95.24385472,95.1807472
3990,95.26662161,95.20798031
4000,95.28654263,95.23218753
4010,95.31002099,95.26143791
4020,95.33207641,95.28867102
4030,95.36195795,95.32498184
4040,95.39112803,95.35322359
4050,95.41531785,95.37743081
4060,95.4366618,95.39457758
4070,95.4572943,95.41475026
4080,95.48504144,95.45005245
4090,95.504251,95.46921649
4100,95.52559496,95.49342371
4110,95.54480452,95.51763092
4120,95.56614848,95.53982087
4130,95.58678098,95.56402808
4140,95.61025933,95.58924393
4150,95.63658354,95.61445978
4160,95.65294724,95.63564109
4170,95.67500267,95.65581377
4180,95.70417274,95.67800371
4190,95.72480524,95.70422819
4200,95.74686066,95.72339224
4210,95.77105048,95.74860809
4220,95.78599125,95.77180667
4230,95.79950909,95.79197934
4240,95.81658426,95.81316066
4250,95.83294796,95.83635924
4260,95.85998364,95.85955781
4270,95.87634734,95.88174776
4280,95.89484543,95.90091181
4290,95.91476646,95.92713629
4300,95.93184163,95.9483176
4310,95.95603145,95.97555071
4320,95.9773754,95.99572339
4330,95.99516204,96.0138788
4340,96.00939134,96.03606875
4350,96.03856142,96.0643105
4360,96.05705951,96.09053498
4370,96.08124933,96.11877673
4380,96.10330476,96.14399258
4390,96.12962897,96.16920842
4400,96.14528121,96.19341564
4410,96.1637793,96.21157105
4420,96.17160542,96.22367466
4430,96.19294938,96.2519164
4440,96.21287041,96.26704591
4450,96.23207997,96.28217542
4460,96.2477322,96.30436537
4470,96.26551884,96.32352941
4480,96.28188254,96.33765029
4490,96.30678382,96.35984023
4500,96.32385899,96.37295247
4510,96.34093415,96.39615105
4520,96.36014372,96.4213669
4530,96.38433353,96.44053094
4540,96.40567749,96.46675543
4550,96.42417559,96.49297991
4560,96.44694248,96.51718712
4570,96.46330618,96.53534253
4580,96.47540109,96.55047204
4590,96.50314823,96.57266199
4600,96.5202234,96.5877915
4610,96.53231831,96.602921
4620,96.54797055,96.62107641
4630,96.56362278,96.63418865
4640,96.57856355,96.65234407
4650,96.59492725,96.67049948
4660,96.60986802,96.68764625
4670,96.62552026,96.7068103
4680,96.63832663,96.72395707
4690,96.65184447,96.73908658
4700,96.66891964,96.75522472
4710,96.68670627,96.77640604
4720,96.69595532,96.79052691
4730,96.71303049,96.80363915
4740,96.72654833,96.81977729
4750,96.74646935,96.83994997
4760,96.76283305,96.86617445
4770,96.77919676,96.88432986
4780,96.7927146,96.90147664
4790,96.8069439,96.92568385
4800,96.82259614,96.941822
4810,96.8418057,96.95896877
4820,96.856035,96.97712418
4830,96.87097577,97.0013314
4840,96.8930312,97.01746954
4850,96.91010636,97.03259905
4860,96.92433567,97.04571129
4870,96.93785351,97.06790123
4880,96.95350575,97.07697894
4890,96.96915798,97.09412572
4900,96.97840703,97.11026386
4910,96.9912134,97.126402
4920,97.00686564,97.14455741
4930,97.02251788,97.16069555
4940,97.03817011,97.17582506
4950,97.05026502,97.18692004
4960,97.06662872,97.20305818
4970,97.08299242,97.21617042
4980,97.09651026,97.22726539
4990,97.11287396,97.24441217
5000,97.12212301,97.25147261
5010,97.1306606,97.27063665
5020,97.1427555,97.28778343
5030,97.15556188,97.29383523
5040,97.17050265,97.30694747
5050,97.1797517,97.31703381
5060,97.19042368,97.33014605
5070,97.20536445,97.34931009
5080,97.22101668,97.36343097
5090,97.23595745,97.37856048
5100,97.25089822,97.38864682
5110,97.2615702,97.40276769
5120,97.27864537,97.42294037
5130,97.29287468,97.43504398
5140,97.30923838,97.45622529
5150,97.32062182,97.46933753
5160,97.33556259,97.49354474
5170,97.34196578,97.50867425
5180,97.35406069,97.52178649
5190,97.36828999,97.5429678
5200,97.38180783,97.55406278
5210,97.38963395,97.57020092
5220,97.40030593,97.58432179
5230,97.4152467,97.5933995
5240,97.42520721,97.60348584
5250,97.44014798,97.61962398
5260,97.45366582,97.62971032
5270,97.45935755,97.63979666
5280,97.47074099,97.65089163
5290,97.47999004,97.66097797
5300,97.49279641,97.67610748
5310,97.50417986,97.69224562
5320,97.50987158,97.69829743
5330,97.52125502,97.7093924
5340,97.52908114,97.72351327
5350,97.54259898,97.73460825
5360,97.55113657,97.74772049
5370,97.55825122,97.75578956
5380,97.56465441,97.76385863
5390,97.57461492,97.7719277
5400,97.58670983,97.78201404
5410,97.59738181,97.79411765
5420,97.60663086,97.80722989
5430,97.61374551,97.81630759
5440,97.62157163,97.8223594
5450,97.63224361,97.834463
5460,97.63935826,97.84253207
5470,97.6507417,97.85160978
5480,97.66212515,97.86270475
5490,97.67350859,97.87178246
5500,97.67991178,97.8818688
5510,97.68987229,97.8939724
5520,97.70267867,97.90204148
5530,97.71904237,97.91313645
5540,97.73113728,97.92322279
5550,97.74109779,97.93330913
5560,97.74892391,97.94339547
5570,97.76030735,97.95247317
5580,97.76671054,97.96155088
5590,97.77524812,97.97466312
5600,97.7880545,97.99080126
5610,97.80086087,98.00895667
5620,97.81224432,98.02610345
5630,97.81935897,98.03518115
5640,97.82576216,98.04022432
5650,97.83287681,98.05131929
5660,97.84354879,98.06241427
5670,97.85066344,98.07451787
5680,97.86204689,98.09065602
5690,97.86845007,98.09771645
5700,97.87912205,98.10679416
5710,97.89121696,98.12394093
5720,97.89690868,98.13100137
5730,97.90758066,98.14512225
5740,97.91540678,98.15117405
5750,97.92679022,98.16226902
5760,97.93105902,98.17134673
5770,97.94030806,98.1824417
5780,97.95098004,98.1884935
5790,97.9580947,98.19757121
5800,97.96449788,98.20463165
5810,97.97516986,98.21270072
5820,97.9886877,98.23085613
5830,97.99651382,98.2419511
5840,98.00078261,98.24598564
5850,98.00932019,98.25405471
5860,98.02070364,98.26313241
5870,98.02924122,98.27321875
5880,98.03849027,98.28633099
5890,98.04916225,98.2954087
5900,98.0562769,98.2984346
5910,98.06623742,98.3044864
5920,98.07619793,98.32062455
5930,98.08544698,98.32970225
5940,98.09825335,98.33474542
5950,98.10821387,98.34785766
5960,98.11959731,98.35895263
5970,98.12955782,98.36601307
5980,98.13596101,98.37609941
5990,98.14307566,98.38719438
6000,98.15090178,98.39828936
6010,98.16299669,98.40534979
6020,98.17011134,98.4174534
6030,98.18007186,98.42653111
6040,98.19643556,98.43560881
6050,98.20497314,98.44367788
6060,98.21208779,98.44872105
6070,98.21849098,98.45779876
6080,98.22916296,98.46990236
6090,98.23414322,98.4769628
6100,98.23841201,98.48200597
6110,98.24623813,98.49108368
6120,98.25192985,98.50016138
6130,98.2590445,98.50923909
6140,98.26473622,98.52033406
6150,98.27327381,98.53142903
6160,98.28536872,98.5394981
6170,98.29461777,98.54857581
6180,98.29959802,98.55361898
6190,98.30955854,98.55967078
6200,98.31880758,98.57177439
6210,98.32592224,98.57580892
6220,98.33232542,98.58085209
6230,98.33944008,98.58892117
6240,98.34584326,98.5990075
6250,98.35082352,98.60909384
6260,98.35864964,98.61312838
6270,98.36932162,98.62119745
6280,98.37928213,98.63229242
6290,98.38639678,98.63935286
6300,98.3942229,98.64540466
6310,98.40204902,98.65347374
6320,98.41485539,98.66154281
6330,98.41912419,98.66759461
6340,98.42766177,98.67364641
6350,98.4312191,98.68474139
6360,98.43762228,98.69180182
6370,98.44260254,98.69785363
6380,98.45042866,98.70693133
6390,98.45754331,98.71600904
6400,98.46679236,98.72710401
6410,98.47248408,98.73416445
6420,98.47746434,98.73819898
6430,98.48244459,98.74828532
6440,98.48813632,98.76038893
6450,98.49311657,98.7654321
6460,98.49738537,98.76744937
6470,98.50307709,98.77753571
6480,98.50948027,98.78762204
6490,98.51872932,98.79367385
6500,98.52228665,98.80174292
6510,98.52868984,98.81082062
6520,98.53722742,98.81687243
6530,98.54505354,98.8219156
6540,98.55074526,98.82695877
6550,98.55714845,98.83502784
6560,98.56355163,98.84410554
6570,98.57208922,98.84713145
6580,98.57635801,98.85116598
6590,98.58204973,98.85620915
6600,98.59272171,98.86831276
6610,98.59770197,98.87436456
6620,98.60197076,98.87537319
6630,98.60766248,98.881425
6640,98.61050834,98.8874768
6650,98.6154886,98.89151134
6660,98.62189179,98.89857177
6670,98.62473765,98.90361494
6680,98.62900644,98.90764948
6690,98.63540963,98.91067538
6700,98.63967842,98.91470992
6710,98.64537014,98.91874445
6720,98.6503504,98.92378762
6730,98.65888798,98.92983943
6740,98.66173384,98.93589123
6750,98.67169435,98.94597757
6760,98.67880901,98.95202937
6770,98.6830778,98.96009844
6780,98.68876952,98.97018478
6790,98.69446124,98.98329702
6800,98.7015759,98.99338336
6810,98.70797908,99.0004438
6820,98.71011348,99.0064956
6830,98.7179396,99.00851287
6840,98.72647718,99.01557331
6850,98.73359183,99.02162511
6860,98.74141795,99.02465101
6870,98.74924407,99.03272008
6880,98.75493579,99.03776325
6890,98.76347337,99.04885823
6900,98.77272242,99.0569273
6910,98.77627975,99.0599532
6920,98.77983707,99.06096183
6930,98.78908612,99.06499637
6940,98.79477784,99.07104817
6950,98.7997581,99.07709998
6960,98.80687275,99.08819495
6970,98.81683327,99.09222948
6980,98.82181352,99.09626402
6990,98.82892818,99.09727265
7000,98.8346199,99.10332446
7010,98.83746576,99.10836763
7020,98.84600334,99.11240216
7030,98.8488492,99.11542806
7040,98.85525239,99.12047123
7050,98.85809825,99.12954894
7060,98.86450144,99.13358347
7070,98.87161609,99.13862664
7080,98.87730782,99.13963528
7090,98.88299954,99.14467845
7100,98.8858454,99.14871298
7110,98.88940272,99.15173888
7120,98.89794031,99.15678205
7130,98.90292056,99.16182522
7140,98.90647789,99.16585976
7150,98.91359254,99.17090293
7160,98.91714987,99.1759461
7170,98.92141866,99.17998063
7180,98.92426452,99.18704107
7190,98.92995624,99.19511014
7200,98.93422504,99.20116195
7210,98.93635943,99.20418785
7220,98.94205115,99.20923102
7230,98.94631995,99.21225692
7240,98.94916581,99.21427419
7250,98.95556899,99.22335189
7260,98.95983779,99.22738643
7270,98.96126072,99.2294037
7280,98.96481804,99.23343823
7290,98.9697983,99.24049867
7300,98.97406709,99.24655047
7310,98.97833588,99.25260228
7320,98.98545054,99.25764545
7330,98.98971933,99.26268861
7340,98.99043079,99.26268861
7350,98.99683398,99.26874042
7360,98.99896838,99.28185266
7370,99.00750596,99.28588719
7380,99.01319768,99.29294763
7390,99.01604354,99.29899944
7400,99.01746647,99.3040426
7410,99.02244673,99.30605987
7420,99.02386966,99.31009441
7430,99.02742699,99.31513758
7440,99.03169578,99.31917211
7450,99.03667603,99.32925845
7460,99.04165629,99.33430162
7470,99.04521362,99.33531026
7480,99.04805948,99.33732752
7490,99.05232827,99.34237069
7500,99.06157732,99.34741386
7510,99.06513464,99.35043976
7520,99.06869197,99.35043976
7530,99.07651809,99.3575002
7540,99.08576714,99.36254337
7550,99.08719007,99.36657791
7560,99.09145886,99.37061244
7570,99.09288179,99.37162108
7580,99.09430472,99.37464698
7590,99.09501619,99.37767288
7600,99.09857351,99.38170742
7610,99.10426523,99.38574195
7620,99.10568816,99.38775922
7630,99.10995696,99.39280239
7640,99.11422575,99.39582829
7650,99.11778307,99.39986283
7660,99.119206,99.40188009
7670,99.1213404,99.404906
7680,99.12418626,99.4079319
7690,99.12916652,99.40894053
7700,99.13201238,99.41297507
7710,99.13841557,99.41499233
7720,99.14054996,99.4170096
7730,99.14268436,99.42104414
7740,99.14481875,99.42306141
7750,99.14908755,99.42709594
7760,99.15549073,99.43012184
7770,99.15975952,99.43415638
7780,99.16545125,99.43617365
7790,99.1704315,99.44222545
7800,99.1747003,99.44525135
7810,99.17683469,99.44726862
7820,99.17896909,99.45130316
7830,99.18110348,99.45634632
7840,99.18323788,99.45634632
7850,99.18608374,99.45937223
7860,99.19035253,99.46138949
7870,99.19319839,99.4644154
7880,99.19675572,99.46945857
7890,99.19817865,99.47248447
7900,99.19960158,99.47752764
7910,99.20244744,99.4795449
7920,99.20956209,99.48559671
7930,99.21454235,99.48559671
7940,99.21881114,99.48862261
7950,99.22307993,99.49265715
7960,99.22734872,99.49568305
7970,99.23232898,99.50173485
7980,99.23375191,99.50476075
7990,99.23588631,99.50677802
8000,99.24300096,99.51081256
8010,99.24726975,99.51182119
8020,99.25153854,99.51282982
8030,99.25367294,99.51585573
8040,99.26078759,99.51989026
8050,99.26292199,99.5239248
8060,99.26434492,99.52493343
8070,99.27003664,99.52896797
8080,99.27217104,99.52896797
8090,99.27359397,99.53098523
8100,99.27643983,99.53199387
8110,99.28213155,99.5360284
8120,99.29066913,99.54006294
8130,99.29351499,99.54409747
8140,99.29636086,99.54409747
8150,99.29991818,99.54813201
8160,99.30418697,99.55115791
8170,99.30703283,99.55317518
8180,99.30916723,99.55519245
8190,99.31272456,99.55620108
8200,99.31770481,99.56225288
8210,99.32055067,99.56729605
8220,99.324108,99.57133059
8230,99.32695386,99.57435649
8240,99.32908826,99.57536513
8250,99.33335705,99.57738239
8260,99.33477998,99.57839103
8270,99.33833731,99.57839103
8280,99.34545196,99.58242556
8290,99.34687489,99.58545146
8300,99.35114368,99.58847737
8310,99.35256661,99.59150327
8320,99.35398954,99.5925119
8330,99.35612394,99.59654644
8340,99.35825833,99.60058097
8350,99.35968126,99.60058097
8360,99.36110419,99.60360687
8370,99.36323859,99.60663278
8380,99.36466152,99.60764141
8390,99.36893031,99.60865004
8400,99.37106471,99.61066731
8410,99.37391057,99.61571048
8420,99.37462203,99.61671912
8430,99.37675643,99.61873638
8440,99.37960229,99.62277092
8450,99.38315962,99.62377955
8460,99.38671694,99.62377955
8470,99.38813987,99.62579682
8480,99.39098574,99.62680545
8490,99.39454306,99.62882272
8500,99.39810039,99.63184862
8510,99.40165771,99.63689179
8520,99.40663797,99.64092633
8530,99.40948383,99.64697813
8540,99.41304116,99.6520213
8550,99.41730995,99.6550472
8560,99.41944435,99.65706447
8570,99.42371314,99.65807311
8580,99.42584753,99.66109901
8590,99.42940486,99.66109901
8600,99.43438512,99.66513354
8610,99.43509658,99.66614218
8620,99.43723098,99.66815944
8630,99.44007684,99.67118535
8640,99.44149977,99.67118535
8650,99.44434563,99.67320261
8660,99.44648003,99.67521988
8670,99.44861442,99.67622852
8680,99.45217175,99.67723715
8690,99.45644054,99.67824578
8700,99.45857494,99.67824578
8710,99.45999787,99.67925442
8720,99.46355519,99.68228032
8730,99.46853545,99.68732349
8740,99.47138131,99.69135802
8750,99.47351571,99.69438393
8760,99.47707303,99.69438393
8770,99.47920743,99.69640119
8780,99.48063036,99.69640119
8790,99.48276475,99.6994271
8800,99.48347622,99.70346163
8810,99.48703355,99.70346163
8820,99.49059087,99.70749617
8830,99.49130234,99.70749617
8840,99.4920138,99.70951344
8850,99.49485966,99.71354797
8860,99.49557113,99.71354797
8870,99.49983992,99.71657387
8880,99.49983992,99.71758251
8890,99.50268578,99.72060841
8900,99.50624311,99.72161704
8910,99.50908897,99.72363431
8920,99.5105119,99.72363431
8930,99.5126463,99.72666021
8940,99.51406923,99.72867748
8950,99.51549216,99.73170338
8960,99.51762655,99.73271201
8970,99.51762655,99.73472928
8980,99.51976095,99.73573792
8990,99.52189534,99.73674655
9000,99.52331827,99.73775518
9010,99.52545267,99.73977245
9020,99.52616414,99.74178972
9030,99.5268756,99.74178972
9040,99.52901,99.74178972
9050,99.53043293,99.74380699
9060,99.53327879,99.74481562
9070,99.53612465,99.74582426
9080,99.53825904,99.74683289
9090,99.54039344,99.74885016
9100,99.5432393,99.75086743
9110,99.54466223,99.75086743
9120,99.54750809,99.75288469
9130,99.54964249,99.75490196
9140,99.54964249,99.75490196
9150,99.55248835,99.75490196
9160,99.55604568,99.75490196
9170,99.55746861,99.75591059
9180,99.55889154,99.75792786
9190,99.56102593,99.75994513
9200,99.56244886,99.7619624
9210,99.56244886,99.76599693
9220,99.56316033,99.76700557
9230,99.56387179,99.76902284
9240,99.56600619,99.76902284
9250,99.56814059,99.77003147
9260,99.57098645,99.7710401
9270,99.57312084,99.77305737
9280,99.57525524,99.77305737
9290,99.5759667,99.77507464
9300,99.57738963,99.77507464
9310,99.58165843,99.77608327
9320,99.58379282,99.77709191
9330,99.58521575,99.77910917
9340,99.58806161,99.78314371
9350,99.58948454,99.78516098
9360,99.59161894,99.78616961
9370,99.5923304,99.78818688
9380,99.5923304,99.78919551
9390,99.59375333,99.79020415
9400,99.59731066,99.79222142
9410,99.59731066,99.79222142
9420,99.59802213,99.79323005
9430,99.60086799,99.79423868
9440,99.60442531,99.79625595
9450,99.60513678,99.79625595
9460,99.60655971,99.79726458
9470,99.60727117,99.80029049
9480,99.60869411,99.80129912
9490,99.6108285,99.80129912
9500,99.61367436,99.80129912
9510,99.61438583,99.80230775
9520,99.61652022,99.80432502
9530,99.61936608,99.80634229
9540,99.62078901,99.80634229
9550,99.62150048,99.80634229
9560,99.62363488,99.80735092
9570,99.62434634,99.80835956
9580,99.62861513,99.80936819
9590,99.63146099,99.81037683
9600,99.63288392,99.81138546
9610,99.63288392,99.81340273
9620,99.63359539,99.81441136
9630,99.63501832,99.81441136
9640,99.63715272,99.81542
9650,99.63857565,99.81542
9660,99.64213297,99.81542
9670,99.64426737,99.81542
9680,99.64426737,99.81743726
9690,99.64497883,99.81743726
9700,99.64497883,99.8214718
9710,99.64497883,99.82248043
9720,99.6456903,99.82248043
9730,99.64782469,99.82550633
9740,99.64853616,99.8275236
9750,99.64853616,99.82853224
9760,99.64995909,99.82853224
9770,99.64995909,99.82954087
9780,99.65209349,99.82954087
9790,99.65351642,99.8305495
9800,99.65422788,99.8305495
9810,99.65636228,99.8305495
9820,99.65849667,99.8305495
9830,99.66276547,99.83155814
9840,99.66561133,99.83357541
9850,99.66632279,99.83357541
9860,99.66703426,99.83660131
9870,99.66774572,99.83760994
9880,99.66988012,99.84063584
9890,99.67059158,99.84063584
9900,99.67201451,99.84164448
9910,99.67272598,99.84265311
9920,99.67486037,99.84366174
9930,99.67699477,99.84366174
9940,99.67770624,99.84467038
9950,99.6805521,99.84567901
9960,99.68197503,99.84567901
9970,99.68268649,99.84668765
9980,99.68553235,99.84971355
9990,99.68766675,99.85273945
10000,99.69051261,99.85677399